{
  "986": {
    "title": "A False God & Proactive Measures - START OF BOOK 14",
    "url": "https://www.royalroad.com/fiction/36049/the-primal-hunter/chapter/1943482/chapter-986-a-false-god-proactive-measures-start",
    "chapter": 986,
    "published_iso": "2024-12-06T16:36:08+00:00",
    "published": {
      "iso": "2024-12-06T16:36:08+00:00",
      "timestamp": 1733502968.0,
      "utc": {
        "year": 2024,
        "month": 12,
        "day": 6,
        "hour": 16,
        "minute": 36,
        "second": 8,
        "microsecond": 0
      }
    }
  },
  "987": {
    "title": "Discussing the Future of the Milky Way Galaxy",
    "url": "https://www.royalroad.com/fiction/36049/the-primal-hunter/chapter/1948002/chapter-987-discussing-the-future-of-the-milky",
    "chapter": 987,
    "published_iso": "2024-12-09T16:36:14+00:00",
    "published": {
      "iso": "2024-12-09T16:36:14+00:00",
      "timestamp": 1733762174.0,
      "utc": {
        "year": 2024,
        "month": 12,
        "day": 9,
        "hour": 16,
        "minute": 36,
        "second": 14,
        "microsecond": 0
      }
    }
  },
  "988": {
    "title": "The Most Important Question...",
    "url": "https://www.royalroad.com/fiction/36049/the-primal-hunter/chapter/1949626/chapter-988-the-most-important-question",
    "chapter": 988,
    "published_iso": "2024-12-10T16:36:07+00:00",
    "published": {
      "iso": "2024-12-10T16:36:07+00:00",
      "timestamp": 1733848567.0,
      "utc": {
        "year": 2024,
        "month": 12,
        "day": 10,
        "hour": 16,
        "minute": 36,
        "second": 7,
        "microsecond": 0
      }
    }
  },
  "989": {
    "title": "To Lock Down One's Enemy",
    "url": "https://www.royalroad.com/fiction/36049/the-primal-hunter/chapter/1951446/chapter-989-to-lock-down-ones-enemy",
    "chapter": 989,
    "published_iso": "2024-12-11T16:36:00+00:00",
    "published": {
      "iso": "2024-12-11T16:36:00+00:00",
      "timestamp": 1733934960.0,
      "utc": {
        "year": 2024,
        "month": 12,
        "day": 11,
        "hour": 16,
        "minute": 36,
        "second": 0,
        "microsecond": 0
      }
    }
  },
  "990": {
    "title": "Arrow Crafting: Nightmare Difficulty",
    "url": "https://www.royalroad.com/fiction/36049/the-primal-hunter/chapter/1953095/chapter-990-arrow-crafting-nightmare-difficulty",
    "chapter": 990,
    "published_iso": "2024-12-12T16:36:06+00:00",
    "published": {
      "iso": "2024-12-12T16:36:06+00:00",
      "timestamp": 1734021366.0,
      "utc": {
        "year": 2024,
        "month": 12,
        "day": 12,
        "hour": 16,
        "minute": 36,
        "second": 6,
        "microsecond": 0
      }
    }
  },
  "991": {
    "title": "An Impetus of Possibilities",
    "url": "https://www.royalroad.com/fiction/36049/the-primal-hunter/chapter/1954756/chapter-991-an-impetus-of-possibilities",
    "chapter": 991,
    "published_iso": "2024-12-13T16:36:13+00:00",
    "published": {
      "iso": "2024-12-13T16:36:13+00:00",
      "timestamp": 1734107773.0,
      "utc": {
        "year": 2024,
        "month": 12,
        "day": 13,
        "hour": 16,
        "minute": 36,
        "second": 13,
        "microsecond": 0
      }
    }
  },
  "992": {
    "title": "Administrator\u2019s Seal of the Exalted Prima",
    "url": "https://www.royalroad.com/fiction/36049/the-primal-hunter/chapter/1959398/chapter-992-administrators-seal-of-the-exalted",
    "chapter": 992,
    "published_iso": "2024-12-16T16:36:07+00:00",
    "published": {
      "iso": "2024-12-16T16:36:07+00:00",
      "timestamp": 1734366967.0,
      "utc": {
        "year": 2024,
        "month": 12,
        "day": 16,
        "hour": 16,
        "minute": 36,
        "second": 7,
        "microsecond": 0
      }
    }
  },
  "993": {
    "title": "Momentum In All Things",
    "url": "https://www.royalroad.com/fiction/36049/the-primal-hunter/chapter/1961251/chapter-993-momentum-in-all-things",
    "chapter": 993,
    "published_iso": "2024-12-17T16:36:01+00:00",
    "published": {
      "iso": "2024-12-17T16:36:01+00:00",
      "timestamp": 1734453361.0,
      "utc": {
        "year": 2024,
        "month": 12,
        "day": 17,
        "hour": 16,
        "minute": 36,
        "second": 1,
        "microsecond": 0
      }
    }
  },
  "994": {
    "title": "Exactly What He Wants",
    "url": "https://www.royalroad.com/fiction/36049/the-primal-hunter/chapter/1963126/chapter-994-exactly-what-he-wants",
    "chapter": 994,
    "published_iso": "2024-12-18T18:21:39+00:00",
    "published": {
      "iso": "2024-12-18T18:21:39+00:00",
      "timestamp": 1734546099.0,
      "utc": {
        "year": 2024,
        "month": 12,
        "day": 18,
        "hour": 18,
        "minute": 21,
        "second": 39,
        "microsecond": 0
      }
    }
  },
  "995": {
    "title": "A Grand Scheme",
    "url": "https://www.royalroad.com/fiction/36049/the-primal-hunter/chapter/1964479/chapter-995-a-grand-scheme",
    "chapter": 995,
    "published_iso": "2024-12-19T16:36:10+00:00",
    "published": {
      "iso": "2024-12-19T16:36:10+00:00",
      "timestamp": 1734626170.0,
      "utc": {
        "year": 2024,
        "month": 12,
        "day": 19,
        "hour": 16,
        "minute": 36,
        "second": 10,
        "microsecond": 0
      }
    }
  },
  "996": {
    "title": "Nothing Ever Goes Fully According To Plan",
    "url": "https://www.royalroad.com/fiction/36049/the-primal-hunter/chapter/1966224/chapter-996-nothing-ever-goes-fully-according",
    "chapter": 996,
    "published_iso": "2024-12-20T16:36:14+00:00",
    "published": {
      "iso": "2024-12-20T16:36:14+00:00",
      "timestamp": 1734712574.0,
      "utc": {
        "year": 2024,
        "month": 12,
        "day": 20,
        "hour": 16,
        "minute": 36,
        "second": 14,
        "microsecond": 0
      }
    }
  },
  "997": {
    "title": "Something Stupid (?)",
    "url": "https://www.royalroad.com/fiction/36049/the-primal-hunter/chapter/1995126/chapter-997-something-stupid",
    "chapter": 997,
    "published_iso": "2025-01-06T16:36:02+00:00",
    "published": {
      "iso": "2025-01-06T16:36:02+00:00",
      "timestamp": 1736181362.0,
      "utc": {
        "year": 2025,
        "month": 1,
        "day": 6,
        "hour": 16,
        "minute": 36,
        "second": 2,
        "microsecond": 0
      }
    }
  },
  "998": {
    "title": "Great Minds Think Alike",
    "url": "https://www.royalroad.com/fiction/36049/the-primal-hunter/chapter/1997230/chapter-998-great-minds-think-alike",
    "chapter": 998,
    "published_iso": "2025-01-07T16:36:08+00:00",
    "published": {
      "iso": "2025-01-07T16:36:08+00:00",
      "timestamp": 1736267768.0,
      "utc": {
        "year": 2025,
        "month": 1,
        "day": 7,
        "hour": 16,
        "minute": 36,
        "second": 8,
        "microsecond": 0
      }
    }
  },
  "999": {
    "title": "A Day at the Lodge",
    "url": "https://www.royalroad.com/fiction/36049/the-primal-hunter/chapter/1999058/chapter-999-a-day-at-the-lodge",
    "chapter": 999,
    "published_iso": "2025-01-08T16:36:01+00:00",
    "published": {
      "iso": "2025-01-08T16:36:01+00:00",
      "timestamp": 1736354161.0,
      "utc": {
        "year": 2025,
        "month": 1,
        "day": 8,
        "hour": 16,
        "minute": 36,
        "second": 1,
        "microsecond": 0
      }
    }
  },
  "1000": {
    "title": "Celebration",
    "url": "https://www.royalroad.com/fiction/36049/the-primal-hunter/chapter/2000954/chapter-1000-celebration",
    "chapter": 1000,
    "published_iso": "2025-01-09T16:36:09+00:00",
    "published": {
      "iso": "2025-01-09T16:36:09+00:00",
      "timestamp": 1736440569.0,
      "utc": {
        "year": 2025,
        "month": 1,
        "day": 9,
        "hour": 16,
        "minute": 36,
        "second": 9,
        "microsecond": 0
      }
    }
  },
  "1001": {
    "title": "The Magical Conference Call Begins",
    "url": "https://www.royalroad.com/fiction/36049/the-primal-hunter/chapter/2002860/chapter-1001-the-magical-conference-call-begins",
    "chapter": 1001,
    "published_iso": "2025-01-10T16:36:01+00:00",
    "published": {
      "iso": "2025-01-10T16:36:01+00:00",
      "timestamp": 1736526961.0,
      "utc": {
        "year": 2025,
        "month": 1,
        "day": 10,
        "hour": 16,
        "minute": 36,
        "second": 1,
        "microsecond": 0
      }
    }
  },
  "1002": {
    "title": "A Tale of Half-Truths",
    "url": "https://www.royalroad.com/fiction/36049/the-primal-hunter/chapter/2007790/chapter-1002-a-tale-of-half-truths",
    "chapter": 1002,
    "published_iso": "2025-01-13T16:36:06+00:00",
    "published": {
      "iso": "2025-01-13T16:36:06+00:00",
      "timestamp": 1736786166.0,
      "utc": {
        "year": 2025,
        "month": 1,
        "day": 13,
        "hour": 16,
        "minute": 36,
        "second": 6,
        "microsecond": 0
      }
    }
  },
  "1003": {
    "title": "A Suspiciously Productive Meeting",
    "url": "https://www.royalroad.com/fiction/36049/the-primal-hunter/chapter/2009736/chapter-1003-a-suspiciously-productive-meeting",
    "chapter": 1003,
    "published_iso": "2025-01-14T16:36:11+00:00",
    "published": {
      "iso": "2025-01-14T16:36:11+00:00",
      "timestamp": 1736872571.0,
      "utc": {
        "year": 2025,
        "month": 1,
        "day": 14,
        "hour": 16,
        "minute": 36,
        "second": 11,
        "microsecond": 0
      }
    }
  },
  "1004": {
    "title": "A Real Royal Mess",
    "url": "https://www.royalroad.com/fiction/36049/the-primal-hunter/chapter/2011550/chapter-1004-a-real-royal-mess",
    "chapter": 1004,
    "published_iso": "2025-01-15T16:36:09+00:00",
    "published": {
      "iso": "2025-01-15T16:36:09+00:00",
      "timestamp": 1736958969.0,
      "utc": {
        "year": 2025,
        "month": 1,
        "day": 15,
        "hour": 16,
        "minute": 36,
        "second": 9,
        "microsecond": 0
      }
    }
  },
  "1005": {
    "title": "Countless Considerations",
    "url": "https://www.royalroad.com/fiction/36049/the-primal-hunter/chapter/2013316/chapter-1005-countless-considerations",
    "chapter": 1005,
    "published_iso": "2025-01-16T16:36:00+00:00",
    "published": {
      "iso": "2025-01-16T16:36:00+00:00",
      "timestamp": 1737045360.0,
      "utc": {
        "year": 2025,
        "month": 1,
        "day": 16,
        "hour": 16,
        "minute": 36,
        "second": 0,
        "microsecond": 0
      }
    }
  },
  "1006": {
    "title": "Importance of Trust",
    "url": "https://www.royalroad.com/fiction/36049/the-primal-hunter/chapter/2015113/chapter-1006-importance-of-trust",
    "chapter": 1006,
    "published_iso": "2025-01-17T16:36:00+00:00",
    "published": {
      "iso": "2025-01-17T16:36:00+00:00",
      "timestamp": 1737131760.0,
      "utc": {
        "year": 2025,
        "month": 1,
        "day": 17,
        "hour": 16,
        "minute": 36,
        "second": 0,
        "microsecond": 0
      }
    }
  },
  "1007": {
    "title": "Valhal Alchemy Intermission",
    "url": "https://www.royalroad.com/fiction/36049/the-primal-hunter/chapter/2020370/chapter-1007-valhal-alchemy-intermission",
    "chapter": 1007,
    "published_iso": "2025-01-20T16:36:08+00:00",
    "published": {
      "iso": "2025-01-20T16:36:08+00:00",
      "timestamp": 1737390968.0,
      "utc": {
        "year": 2025,
        "month": 1,
        "day": 20,
        "hour": 16,
        "minute": 36,
        "second": 8,
        "microsecond": 0
      }
    }
  },
  "1008": {
    "title": "Extreme Progress...",
    "url": "https://www.royalroad.com/fiction/36049/the-primal-hunter/chapter/2022171/chapter-1008-extreme-progress",
    "chapter": 1008,
    "published_iso": "2025-01-21T16:36:06+00:00",
    "published": {
      "iso": "2025-01-21T16:36:06+00:00",
      "timestamp": 1737477366.0,
      "utc": {
        "year": 2025,
        "month": 1,
        "day": 21,
        "hour": 16,
        "minute": 36,
        "second": 6,
        "microsecond": 0
      }
    }
  },
  "1009": {
    "title": "Dark Clouds Over Primordial-4",
    "url": "https://www.royalroad.com/fiction/36049/the-primal-hunter/chapter/2024014/chapter-1009-dark-clouds-over-primordial-4",
    "chapter": 1009,
    "published_iso": "2025-01-22T16:36:10+00:00",
    "published": {
      "iso": "2025-01-22T16:36:10+00:00",
      "timestamp": 1737563770.0,
      "utc": {
        "year": 2025,
        "month": 1,
        "day": 22,
        "hour": 16,
        "minute": 36,
        "second": 10,
        "microsecond": 0
      }
    }
  },
  "1010": {
    "title": "A Proper Greeting",
    "url": "https://www.royalroad.com/fiction/36049/the-primal-hunter/chapter/2025963/chapter-1010-a-proper-greeting",
    "chapter": 1010,
    "published_iso": "2025-01-23T16:36:05+00:00",
    "published": {
      "iso": "2025-01-23T16:36:05+00:00",
      "timestamp": 1737650165.0,
      "utc": {
        "year": 2025,
        "month": 1,
        "day": 23,
        "hour": 16,
        "minute": 36,
        "second": 5,
        "microsecond": 0
      }
    }
  },
  "1011": {
    "title": "Worst Chosen in History",
    "url": "https://www.royalroad.com/fiction/36049/the-primal-hunter/chapter/2027802/chapter-1011-worst-chosen-in-history",
    "chapter": 1011,
    "published_iso": "2025-01-24T16:36:11+00:00",
    "published": {
      "iso": "2025-01-24T16:36:11+00:00",
      "timestamp": 1737736571.0,
      "utc": {
        "year": 2025,
        "month": 1,
        "day": 24,
        "hour": 16,
        "minute": 36,
        "second": 11,
        "microsecond": 0
      }
    }
  },
  "1012": {
    "title": "Three Theories",
    "url": "https://www.royalroad.com/fiction/36049/the-primal-hunter/chapter/2032803/chapter-1012-three-theories",
    "chapter": 1012,
    "published_iso": "2025-01-27T16:36:11+00:00",
    "published": {
      "iso": "2025-01-27T16:36:11+00:00",
      "timestamp": 1737995771.0,
      "utc": {
        "year": 2025,
        "month": 1,
        "day": 27,
        "hour": 16,
        "minute": 36,
        "second": 11,
        "microsecond": 0
      }
    }
  },
  "1013": {
    "title": "The Malefic Viper vs Yip of Yore (1)",
    "url": "https://www.royalroad.com/fiction/36049/the-primal-hunter/chapter/2034701/chapter-1013-the-malefic-viper-vs-yip-of-yore",
    "chapter": 1013,
    "published_iso": "2025-01-28T16:36:05+00:00",
    "published": {
      "iso": "2025-01-28T16:36:05+00:00",
      "timestamp": 1738082165.0,
      "utc": {
        "year": 2025,
        "month": 1,
        "day": 28,
        "hour": 16,
        "minute": 36,
        "second": 5,
        "microsecond": 0
      }
    }
  },
  "1014": {
    "title": "The Malefic Viper vs Yip of Yore (2)",
    "url": "https://www.royalroad.com/fiction/36049/the-primal-hunter/chapter/2036419/chapter-1014-the-malefic-viper-vs-yip-of-yore",
    "chapter": 1014,
    "published_iso": "2025-01-29T16:36:13+00:00",
    "published": {
      "iso": "2025-01-29T16:36:13+00:00",
      "timestamp": 1738168573.0,
      "utc": {
        "year": 2025,
        "month": 1,
        "day": 29,
        "hour": 16,
        "minute": 36,
        "second": 13,
        "microsecond": 0
      }
    }
  },
  "1015": {
    "title": "The Malefic Viper vs Yip of Yore (3)",
    "url": "https://www.royalroad.com/fiction/36049/the-primal-hunter/chapter/2038262/chapter-1015-the-malefic-viper-vs-yip-of-yore",
    "chapter": 1015,
    "published_iso": "2025-01-30T16:36:04+00:00",
    "published": {
      "iso": "2025-01-30T16:36:04+00:00",
      "timestamp": 1738254964.0,
      "utc": {
        "year": 2025,
        "month": 1,
        "day": 30,
        "hour": 16,
        "minute": 36,
        "second": 4,
        "microsecond": 0
      }
    }
  },
  "1016": {
    "title": "The Wall",
    "url": "https://www.royalroad.com/fiction/36049/the-primal-hunter/chapter/2045633/chapter-1016-the-wall",
    "chapter": 1016,
    "published_iso": "2025-02-03T16:36:05+00:00",
    "published": {
      "iso": "2025-02-03T16:36:05+00:00",
      "timestamp": 1738600565.0,
      "utc": {
        "year": 2025,
        "month": 2,
        "day": 3,
        "hour": 16,
        "minute": 36,
        "second": 5,
        "microsecond": 0
      }
    }
  },
  "1017": {
    "title": "A Proper Reintroduction",
    "url": "https://www.royalroad.com/fiction/36049/the-primal-hunter/chapter/2047542/chapter-1017-a-proper-reintroduction",
    "chapter": 1017,
    "published_iso": "2025-02-04T16:36:09+00:00",
    "published": {
      "iso": "2025-02-04T16:36:09+00:00",
      "timestamp": 1738686969.0,
      "utc": {
        "year": 2025,
        "month": 2,
        "day": 4,
        "hour": 16,
        "minute": 36,
        "second": 9,
        "microsecond": 0
      }
    }
  },
  "1018": {
    "title": "A Relationship Doomed From The Start",
    "url": "https://www.royalroad.com/fiction/36049/the-primal-hunter/chapter/2049502/chapter-1018-a-relationship-doomed-from-the-start",
    "chapter": 1018,
    "published_iso": "2025-02-05T16:36:07+00:00",
    "published": {
      "iso": "2025-02-05T16:36:07+00:00",
      "timestamp": 1738773367.0,
      "utc": {
        "year": 2025,
        "month": 2,
        "day": 5,
        "hour": 16,
        "minute": 36,
        "second": 7,
        "microsecond": 0
      }
    }
  },
  "1019": {
    "title": "Chaos Across the Milky Way",
    "url": "https://www.royalroad.com/fiction/36049/the-primal-hunter/chapter/2051425/chapter-1019-chaos-across-the-milky-way",
    "chapter": 1019,
    "published_iso": "2025-02-06T16:36:11+00:00",
    "published": {
      "iso": "2025-02-06T16:36:11+00:00",
      "timestamp": 1738859771.0,
      "utc": {
        "year": 2025,
        "month": 2,
        "day": 6,
        "hour": 16,
        "minute": 36,
        "second": 11,
        "microsecond": 0
      }
    }
  },
  "1020": {
    "title": "Gifts From the Heavens",
    "url": "https://www.royalroad.com/fiction/36049/the-primal-hunter/chapter/2053480/chapter-1020-gifts-from-the-heavens",
    "chapter": 1020,
    "published_iso": "2025-02-07T16:36:08+00:00",
    "published": {
      "iso": "2025-02-07T16:36:08+00:00",
      "timestamp": 1738946168.0,
      "utc": {
        "year": 2025,
        "month": 2,
        "day": 7,
        "hour": 16,
        "minute": 36,
        "second": 8,
        "microsecond": 0
      }
    }
  },
  "1021": {
    "title": "A Hot Way Down",
    "url": "https://www.royalroad.com/fiction/36049/the-primal-hunter/chapter/2059164/chapter-1021-a-hot-way-down",
    "chapter": 1021,
    "published_iso": "2025-02-10T16:36:05+00:00",
    "published": {
      "iso": "2025-02-10T16:36:05+00:00",
      "timestamp": 1739205365.0,
      "utc": {
        "year": 2025,
        "month": 2,
        "day": 10,
        "hour": 16,
        "minute": 36,
        "second": 5,
        "microsecond": 0
      }
    }
  },
  "1022": {
    "title": "Bargain & Choice",
    "url": "https://www.royalroad.com/fiction/36049/the-primal-hunter/chapter/2061054/chapter-1022-bargain-choice",
    "chapter": 1022,
    "published_iso": "2025-02-11T16:36:09+00:00",
    "published": {
      "iso": "2025-02-11T16:36:09+00:00",
      "timestamp": 1739291769.0,
      "utc": {
        "year": 2025,
        "month": 2,
        "day": 11,
        "hour": 16,
        "minute": 36,
        "second": 9,
        "microsecond": 0
      }
    }
  },
  "1023": {
    "title": "Worthy of Being Called Rivals",
    "url": "https://www.royalroad.com/fiction/36049/the-primal-hunter/chapter/2062976/chapter-1023-worthy-of-being-called-rivals",
    "chapter": 1023,
    "published_iso": "2025-02-12T16:36:13+00:00",
    "published": {
      "iso": "2025-02-12T16:36:13+00:00",
      "timestamp": 1739378173.0,
      "utc": {
        "year": 2025,
        "month": 2,
        "day": 12,
        "hour": 16,
        "minute": 36,
        "second": 13,
        "microsecond": 0
      }
    }
  },
  "1024": {
    "title": "Jake Thayne vs Ell'Hakan (1)",
    "url": "https://www.royalroad.com/fiction/36049/the-primal-hunter/chapter/2064921/chapter-1024-jake-thayne-vs-ellhakan-1",
    "chapter": 1024,
    "published_iso": "2025-02-13T16:36:01+00:00",
    "published": {
      "iso": "2025-02-13T16:36:01+00:00",
      "timestamp": 1739464561.0,
      "utc": {
        "year": 2025,
        "month": 2,
        "day": 13,
        "hour": 16,
        "minute": 36,
        "second": 1,
        "microsecond": 0
      }
    }
  },
  "1025": {
    "title": "Jake Thayne vs Ell'Hakan (2)",
    "url": "https://www.royalroad.com/fiction/36049/the-primal-hunter/chapter/2066939/chapter-1025-jake-thayne-vs-ellhakan-2",
    "chapter": 1025,
    "published_iso": "2025-02-14T16:36:04+00:00",
    "published": {
      "iso": "2025-02-14T16:36:04+00:00",
      "timestamp": 1739550964.0,
      "utc": {
        "year": 2025,
        "month": 2,
        "day": 14,
        "hour": 16,
        "minute": 36,
        "second": 4,
        "microsecond": 0
      }
    }
  },
  "1026": {
    "title": "Jake Thayne vs Ell'Hakan (3)",
    "url": "https://www.royalroad.com/fiction/36049/the-primal-hunter/chapter/2072605/chapter-1026-jake-thayne-vs-ellhakan-3",
    "chapter": 1026,
    "published_iso": "2025-02-17T16:36:04+00:00",
    "published": {
      "iso": "2025-02-17T16:36:04+00:00",
      "timestamp": 1739810164.0,
      "utc": {
        "year": 2025,
        "month": 2,
        "day": 17,
        "hour": 16,
        "minute": 36,
        "second": 4,
        "microsecond": 0
      }
    }
  },
  "1027": {
    "title": "Jake Thayne vs Ell'Hakan (4)",
    "url": "https://www.royalroad.com/fiction/36049/the-primal-hunter/chapter/2074577/chapter-1027-jake-thayne-vs-ellhakan-4",
    "chapter": 1027,
    "published_iso": "2025-02-18T16:36:09+00:00",
    "published": {
      "iso": "2025-02-18T16:36:09+00:00",
      "timestamp": 1739896569.0,
      "utc": {
        "year": 2025,
        "month": 2,
        "day": 18,
        "hour": 16,
        "minute": 36,
        "second": 9,
        "microsecond": 0
      }
    }
  },
  "1028": {
    "title": "Jake Thayne vs Ell'Hakan (5)",
    "url": "https://www.royalroad.com/fiction/36049/the-primal-hunter/chapter/2076710/chapter-1028-jake-thayne-vs-ellhakan-5",
    "chapter": 1028,
    "published_iso": "2025-02-19T16:36:14+00:00",
    "published": {
      "iso": "2025-02-19T16:36:14+00:00",
      "timestamp": 1739982974.0,
      "utc": {
        "year": 2025,
        "month": 2,
        "day": 19,
        "hour": 16,
        "minute": 36,
        "second": 14,
        "microsecond": 0
      }
    }
  },
  "1029": {
    "title": "Primal Hunter vs Celestial Child (6)",
    "url": "https://www.royalroad.com/fiction/36049/the-primal-hunter/chapter/2079076/chapter-1029-primal-hunter-vs-celestial-child",
    "chapter": 1029,
    "published_iso": "2025-02-20T16:36:03+00:00",
    "published": {
      "iso": "2025-02-20T16:36:03+00:00",
      "timestamp": 1740069363.0,
      "utc": {
        "year": 2025,
        "month": 2,
        "day": 20,
        "hour": 16,
        "minute": 36,
        "second": 3,
        "microsecond": 0
      }
    }
  },
  "1030": {
    "title": "Primal Hunter vs Celestial Child (7)",
    "url": "https://www.royalroad.com/fiction/36049/the-primal-hunter/chapter/2081097/chapter-1030-primal-hunter-vs-celestial-child",
    "chapter": 1030,
    "published_iso": "2025-02-21T16:36:08+00:00",
    "published": {
      "iso": "2025-02-21T16:36:08+00:00",
      "timestamp": 1740155768.0,
      "utc": {
        "year": 2025,
        "month": 2,
        "day": 21,
        "hour": 16,
        "minute": 36,
        "second": 8,
        "microsecond": 0
      }
    }
  },
  "1031": {
    "title": "Primal Hunter vs Celestial Child (8)",
    "url": "https://www.royalroad.com/fiction/36049/the-primal-hunter/chapter/2086798/chapter-1031-primal-hunter-vs-celestial-child",
    "chapter": 1031,
    "published_iso": "2025-02-24T16:36:00+00:00",
    "published": {
      "iso": "2025-02-24T16:36:00+00:00",
      "timestamp": 1740414960.0,
      "utc": {
        "year": 2025,
        "month": 2,
        "day": 24,
        "hour": 16,
        "minute": 36,
        "second": 0,
        "microsecond": 0
      }
    }
  },
  "1032": {
    "title": "Primal Hunter vs Celestial Child (9)",
    "url": "https://www.royalroad.com/fiction/36049/the-primal-hunter/chapter/2089004/chapter-1032-primal-hunter-vs-celestial-child",
    "chapter": 1032,
    "published_iso": "2025-02-25T16:36:05+00:00",
    "published": {
      "iso": "2025-02-25T16:36:05+00:00",
      "timestamp": 1740501365.0,
      "utc": {
        "year": 2025,
        "month": 2,
        "day": 25,
        "hour": 16,
        "minute": 36,
        "second": 5,
        "microsecond": 0
      }
    }
  },
  "1033": {
    "title": "Primal Hunter vs Celestial Child (10)",
    "url": "https://www.royalroad.com/fiction/36049/the-primal-hunter/chapter/2091111/chapter-1033-primal-hunter-vs-celestial-child",
    "chapter": 1033,
    "published_iso": "2025-02-26T16:36:11+00:00",
    "published": {
      "iso": "2025-02-26T16:36:11+00:00",
      "timestamp": 1740587771.0,
      "utc": {
        "year": 2025,
        "month": 2,
        "day": 26,
        "hour": 16,
        "minute": 36,
        "second": 11,
        "microsecond": 0
      }
    }
  },
  "1034": {
    "title": "Scattering Starlight",
    "url": "https://www.royalroad.com/fiction/36049/the-primal-hunter/chapter/2092990/chapter-1034-scattering-starlight",
    "chapter": 1034,
    "published_iso": "2025-02-27T16:36:00+00:00",
    "published": {
      "iso": "2025-02-27T16:36:00+00:00",
      "timestamp": 1740674160.0,
      "utc": {
        "year": 2025,
        "month": 2,
        "day": 27,
        "hour": 16,
        "minute": 36,
        "second": 0,
        "microsecond": 0
      }
    }
  },
  "1035": {
    "title": "Primal Hunter vs Augur's Guardian (1)",
    "url": "https://www.royalroad.com/fiction/36049/the-primal-hunter/chapter/2095068/chapter-1035-primal-hunter-vs-augurs-guardian",
    "chapter": 1035,
    "published_iso": "2025-02-28T16:36:05+00:00",
    "published": {
      "iso": "2025-02-28T16:36:05+00:00",
      "timestamp": 1740760565.0,
      "utc": {
        "year": 2025,
        "month": 2,
        "day": 28,
        "hour": 16,
        "minute": 36,
        "second": 5,
        "microsecond": 0
      }
    }
  },
  "1036": {
    "title": "A Warrior's Return",
    "url": "https://www.royalroad.com/fiction/36049/the-primal-hunter/chapter/2101208/chapter-1036-a-warriors-return",
    "chapter": 1036,
    "published_iso": "2025-03-03T16:36:06+00:00",
    "published": {
      "iso": "2025-03-03T16:36:06+00:00",
      "timestamp": 1741019766.0,
      "utc": {
        "year": 2025,
        "month": 3,
        "day": 3,
        "hour": 16,
        "minute": 36,
        "second": 6,
        "microsecond": 0
      }
    }
  },
  "1037": {
    "title": "The War of the Milky Way Galaxy",
    "url": "https://www.royalroad.com/fiction/36049/the-primal-hunter/chapter/2103704/chapter-1037-the-war-of-the-milky-way-galaxy",
    "chapter": 1037,
    "published_iso": "2025-03-04T16:36:06+00:00",
    "published": {
      "iso": "2025-03-04T16:36:06+00:00",
      "timestamp": 1741106166.0,
      "utc": {
        "year": 2025,
        "month": 3,
        "day": 4,
        "hour": 16,
        "minute": 36,
        "second": 6,
        "microsecond": 0
      }
    }
  },
  "1038": {
    "title": "Doing A Bit of Catch-Up",
    "url": "https://www.royalroad.com/fiction/36049/the-primal-hunter/chapter/2105862/chapter-1038-doing-a-bit-of-catch-up",
    "chapter": 1038,
    "published_iso": "2025-03-05T16:36:10+00:00",
    "published": {
      "iso": "2025-03-05T16:36:10+00:00",
      "timestamp": 1741192570.0,
      "utc": {
        "year": 2025,
        "month": 3,
        "day": 5,
        "hour": 16,
        "minute": 36,
        "second": 10,
        "microsecond": 0
      }
    }
  },
  "1039": {
    "title": "A Hearty Conversation",
    "url": "https://www.royalroad.com/fiction/36049/the-primal-hunter/chapter/2117750/chapter-1039-a-hearty-conversation",
    "chapter": 1039,
    "published_iso": "2025-03-10T16:36:09+00:00",
    "published": {
      "iso": "2025-03-10T16:36:09+00:00",
      "timestamp": 1741624569.0,
      "utc": {
        "year": 2025,
        "month": 3,
        "day": 10,
        "hour": 16,
        "minute": 36,
        "second": 9,
        "microsecond": 0
      }
    }
  },
  "1040": {
    "title": "Office Meeting",
    "url": "https://www.royalroad.com/fiction/36049/the-primal-hunter/chapter/2120019/chapter-1040-office-meeting",
    "chapter": 1040,
    "published_iso": "2025-03-11T16:36:08+00:00",
    "published": {
      "iso": "2025-03-11T16:36:08+00:00",
      "timestamp": 1741710968.0,
      "utc": {
        "year": 2025,
        "month": 3,
        "day": 11,
        "hour": 16,
        "minute": 36,
        "second": 8,
        "microsecond": 0
      }
    }
  },
  "1041": {
    "title": "Long Overdue",
    "url": "https://www.royalroad.com/fiction/36049/the-primal-hunter/chapter/2122169/chapter-1041-long-overdue",
    "chapter": 1041,
    "published_iso": "2025-03-12T16:36:05+00:00",
    "published": {
      "iso": "2025-03-12T16:36:05+00:00",
      "timestamp": 1741797365.0,
      "utc": {
        "year": 2025,
        "month": 3,
        "day": 12,
        "hour": 16,
        "minute": 36,
        "second": 5,
        "microsecond": 0
      }
    }
  },
  "1042": {
    "title": "A Historic City",
    "url": "https://www.royalroad.com/fiction/36049/the-primal-hunter/chapter/2124225/chapter-1042-a-historic-city",
    "chapter": 1042,
    "published_iso": "2025-03-13T16:36:01+00:00",
    "published": {
      "iso": "2025-03-13T16:36:01+00:00",
      "timestamp": 1741883761.0,
      "utc": {
        "year": 2025,
        "month": 3,
        "day": 13,
        "hour": 16,
        "minute": 36,
        "second": 1,
        "microsecond": 0
      }
    }
  },
  "1043": {
    "title": "More Questions Than Answers",
    "url": "https://www.royalroad.com/fiction/36049/the-primal-hunter/chapter/2126325/chapter-1043-more-questions-than-answers",
    "chapter": 1043,
    "published_iso": "2025-03-14T16:36:04+00:00",
    "published": {
      "iso": "2025-03-14T16:36:04+00:00",
      "timestamp": 1741970164.0,
      "utc": {
        "year": 2025,
        "month": 3,
        "day": 14,
        "hour": 16,
        "minute": 36,
        "second": 4,
        "microsecond": 0
      }
    }
  },
  "1044": {
    "title": "A Journey Down Memory Lane",
    "url": "https://www.royalroad.com/fiction/36049/the-primal-hunter/chapter/2132529/chapter-1044-a-journey-down-memory-lane",
    "chapter": 1044,
    "published_iso": "2025-03-17T16:36:03+00:00",
    "published": {
      "iso": "2025-03-17T16:36:03+00:00",
      "timestamp": 1742229363.0,
      "utc": {
        "year": 2025,
        "month": 3,
        "day": 17,
        "hour": 16,
        "minute": 36,
        "second": 3,
        "microsecond": 0
      }
    }
  },
  "1045": {
    "title": "To Leave Empty-Handed",
    "url": "https://www.royalroad.com/fiction/36049/the-primal-hunter/chapter/2134905/chapter-1045-to-leave-empty-handed",
    "chapter": 1045,
    "published_iso": "2025-03-18T16:36:09+00:00",
    "published": {
      "iso": "2025-03-18T16:36:09+00:00",
      "timestamp": 1742315769.0,
      "utc": {
        "year": 2025,
        "month": 3,
        "day": 18,
        "hour": 16,
        "minute": 36,
        "second": 9,
        "microsecond": 0
      }
    }
  },
  "1046": {
    "title": "A Sagacious Opportunity",
    "url": "https://www.royalroad.com/fiction/36049/the-primal-hunter/chapter/2137080/chapter-1046-a-sagacious-opportunity",
    "chapter": 1046,
    "published_iso": "2025-03-19T16:36:06+00:00",
    "published": {
      "iso": "2025-03-19T16:36:06+00:00",
      "timestamp": 1742402166.0,
      "utc": {
        "year": 2025,
        "month": 3,
        "day": 19,
        "hour": 16,
        "minute": 36,
        "second": 6,
        "microsecond": 0
      }
    }
  },
  "1047": {
    "title": "One Final Lesson",
    "url": "https://www.royalroad.com/fiction/36049/the-primal-hunter/chapter/2139345/chapter-1047-one-final-lesson",
    "chapter": 1047,
    "published_iso": "2025-03-20T16:36:05+00:00",
    "published": {
      "iso": "2025-03-20T16:36:05+00:00",
      "timestamp": 1742488565.0,
      "utc": {
        "year": 2025,
        "month": 3,
        "day": 20,
        "hour": 16,
        "minute": 36,
        "second": 5,
        "microsecond": 0
      }
    }
  },
  "1048": {
    "title": "A Harsh Lesson",
    "url": "https://www.royalroad.com/fiction/36049/the-primal-hunter/chapter/2141797/chapter-1048-a-harsh-lesson",
    "chapter": 1048,
    "published_iso": "2025-03-21T16:36:06+00:00",
    "published": {
      "iso": "2025-03-21T16:36:06+00:00",
      "timestamp": 1742574966.0,
      "utc": {
        "year": 2025,
        "month": 3,
        "day": 21,
        "hour": 16,
        "minute": 36,
        "second": 6,
        "microsecond": 0
      }
    }
  },
  "1049": {
    "title": "Something New",
    "url": "https://www.royalroad.com/fiction/36049/the-primal-hunter/chapter/2147995/chapter-1049-something-new",
    "chapter": 1049,
    "published_iso": "2025-03-24T16:36:06+00:00",
    "published": {
      "iso": "2025-03-24T16:36:06+00:00",
      "timestamp": 1742834166.0,
      "utc": {
        "year": 2025,
        "month": 3,
        "day": 24,
        "hour": 16,
        "minute": 36,
        "second": 6,
        "microsecond": 0
      }
    }
  },
  "1050": {
    "title": "A Whole New World",
    "url": "https://www.royalroad.com/fiction/36049/the-primal-hunter/chapter/2150331/chapter-1050-a-whole-new-world",
    "chapter": 1050,
    "published_iso": "2025-03-25T16:36:04+00:00",
    "published": {
      "iso": "2025-03-25T16:36:04+00:00",
      "timestamp": 1742920564.0,
      "utc": {
        "year": 2025,
        "month": 3,
        "day": 25,
        "hour": 16,
        "minute": 36,
        "second": 4,
        "microsecond": 0
      }
    }
  },
  "1051": {
    "title": "A Final Gift & Taking Status",
    "url": "https://www.royalroad.com/fiction/36049/the-primal-hunter/chapter/2152561/chapter-1051-a-final-gift-taking-status",
    "chapter": 1051,
    "published_iso": "2025-03-26T16:36:05+00:00",
    "published": {
      "iso": "2025-03-26T16:36:05+00:00",
      "timestamp": 1743006965.0,
      "utc": {
        "year": 2025,
        "month": 3,
        "day": 26,
        "hour": 16,
        "minute": 36,
        "second": 5,
        "microsecond": 0
      }
    }
  },
  "1052": {
    "title": "Bombshells",
    "url": "https://www.royalroad.com/fiction/36049/the-primal-hunter/chapter/2154817/chapter-1052-bombshells",
    "chapter": 1052,
    "published_iso": "2025-03-27T16:36:07+00:00",
    "published": {
      "iso": "2025-03-27T16:36:07+00:00",
      "timestamp": 1743093367.0,
      "utc": {
        "year": 2025,
        "month": 3,
        "day": 27,
        "hour": 16,
        "minute": 36,
        "second": 7,
        "microsecond": 0
      }
    }
  },
  "1053": {
    "title": "Recap Time With Villy",
    "url": "https://www.royalroad.com/fiction/36049/the-primal-hunter/chapter/2157278/chapter-1053-recap-time-with-villy",
    "chapter": 1053,
    "published_iso": "2025-03-28T16:36:07+00:00",
    "published": {
      "iso": "2025-03-28T16:36:07+00:00",
      "timestamp": 1743179767.0,
      "utc": {
        "year": 2025,
        "month": 3,
        "day": 28,
        "hour": 16,
        "minute": 36,
        "second": 7,
        "microsecond": 0
      }
    }
  },
  "1054": {
    "title": "Bow Quest",
    "url": "https://www.royalroad.com/fiction/36049/the-primal-hunter/chapter/2163636/chapter-1054-bow-quest",
    "chapter": 1054,
    "published_iso": "2025-03-31T15:36:00+00:00",
    "published": {
      "iso": "2025-03-31T15:36:00+00:00",
      "timestamp": 1743435360.0,
      "utc": {
        "year": 2025,
        "month": 3,
        "day": 31,
        "hour": 15,
        "minute": 36,
        "second": 0,
        "microsecond": 0
      }
    }
  },
  "1055": {
    "title": "Construction Site Inspection",
    "url": "https://www.royalroad.com/fiction/36049/the-primal-hunter/chapter/2166110/chapter-1055-construction-site-inspection",
    "chapter": 1055,
    "published_iso": "2025-04-01T15:36:04+00:00",
    "published": {
      "iso": "2025-04-01T15:36:04+00:00",
      "timestamp": 1743521764.0,
      "utc": {
        "year": 2025,
        "month": 4,
        "day": 1,
        "hour": 15,
        "minute": 36,
        "second": 4,
        "microsecond": 0
      }
    }
  },
  "1056": {
    "title": "Thieves At The Lodge",
    "url": "https://www.royalroad.com/fiction/36049/the-primal-hunter/chapter/2168729/chapter-1056-thieves-at-the-lodge",
    "chapter": 1056,
    "published_iso": "2025-04-02T15:36:01+00:00",
    "published": {
      "iso": "2025-04-02T15:36:01+00:00",
      "timestamp": 1743608161.0,
      "utc": {
        "year": 2025,
        "month": 4,
        "day": 2,
        "hour": 15,
        "minute": 36,
        "second": 1,
        "microsecond": 0
      }
    }
  },
  "1057": {
    "title": "Bow Quest Completed!",
    "url": "https://www.royalroad.com/fiction/36049/the-primal-hunter/chapter/2171374/chapter-1057-bow-quest-completed",
    "chapter": 1057,
    "published_iso": "2025-04-03T15:36:12+00:00",
    "published": {
      "iso": "2025-04-03T15:36:12+00:00",
      "timestamp": 1743694572.0,
      "utc": {
        "year": 2025,
        "month": 4,
        "day": 3,
        "hour": 15,
        "minute": 36,
        "second": 12,
        "microsecond": 0
      }
    }
  },
  "1058": {
    "title": "The \"Negotiations\" Begins",
    "url": "https://www.royalroad.com/fiction/36049/the-primal-hunter/chapter/2174183/chapter-1058-the-negotiations-begins",
    "chapter": 1058,
    "published_iso": "2025-04-04T15:36:12+00:00",
    "published": {
      "iso": "2025-04-04T15:36:12+00:00",
      "timestamp": 1743780972.0,
      "utc": {
        "year": 2025,
        "month": 4,
        "day": 4,
        "hour": 15,
        "minute": 36,
        "second": 12,
        "microsecond": 0
      }
    }
  },
  "1059": {
    "title": "One Final Gambit",
    "url": "https://www.royalroad.com/fiction/36049/the-primal-hunter/chapter/2182079/chapter-1059-one-final-gambit",
    "chapter": 1059,
    "published_iso": "2025-04-07T15:36:05+00:00",
    "published": {
      "iso": "2025-04-07T15:36:05+00:00",
      "timestamp": 1744040165.0,
      "utc": {
        "year": 2025,
        "month": 4,
        "day": 7,
        "hour": 15,
        "minute": 36,
        "second": 5,
        "microsecond": 0
      }
    }
  },
  "1060": {
    "title": "Question(s) Of Trust",
    "url": "https://www.royalroad.com/fiction/36049/the-primal-hunter/chapter/2184936/chapter-1060-questions-of-trust",
    "chapter": 1060,
    "published_iso": "2025-04-08T15:36:04+00:00",
    "published": {
      "iso": "2025-04-08T15:36:04+00:00",
      "timestamp": 1744126564.0,
      "utc": {
        "year": 2025,
        "month": 4,
        "day": 8,
        "hour": 15,
        "minute": 36,
        "second": 4,
        "microsecond": 0
      }
    }
  },
  "1061": {
    "title": "Breakdown In Negotiations",
    "url": "https://www.royalroad.com/fiction/36049/the-primal-hunter/chapter/2187738/chapter-1061-breakdown-in-negotiations",
    "chapter": 1061,
    "published_iso": "2025-04-09T15:36:09+00:00",
    "published": {
      "iso": "2025-04-09T15:36:09+00:00",
      "timestamp": 1744212969.0,
      "utc": {
        "year": 2025,
        "month": 4,
        "day": 9,
        "hour": 15,
        "minute": 36,
        "second": 9,
        "microsecond": 0
      }
    }
  },
  "1062": {
    "title": "Reluctant Choices",
    "url": "https://www.royalroad.com/fiction/36049/the-primal-hunter/chapter/2190434/chapter-1062-reluctant-choices",
    "chapter": 1062,
    "published_iso": "2025-04-10T15:36:07+00:00",
    "published": {
      "iso": "2025-04-10T15:36:07+00:00",
      "timestamp": 1744299367.0,
      "utc": {
        "year": 2025,
        "month": 4,
        "day": 10,
        "hour": 15,
        "minute": 36,
        "second": 7,
        "microsecond": 0
      }
    }
  },
  "1063": {
    "title": "Unwanted Reunion",
    "url": "https://www.royalroad.com/fiction/36049/the-primal-hunter/chapter/2193117/chapter-1063-unwanted-reunion",
    "chapter": 1063,
    "published_iso": "2025-04-11T15:36:00+00:00",
    "published": {
      "iso": "2025-04-11T15:36:00+00:00",
      "timestamp": 1744385760.0,
      "utc": {
        "year": 2025,
        "month": 4,
        "day": 11,
        "hour": 15,
        "minute": 36,
        "second": 0,
        "microsecond": 0
      }
    }
  },
  "1064": {
    "title": "Carmen Used Runemaiden! It's Super Effective!",
    "url": "https://www.royalroad.com/fiction/36049/the-primal-hunter/chapter/2201428/chapter-1064-carmen-used-runemaiden-its-super",
    "chapter": 1064,
    "published_iso": "2025-04-14T15:36:11+00:00",
    "published": {
      "iso": "2025-04-14T15:36:11+00:00",
      "timestamp": 1744644971.0,
      "utc": {
        "year": 2025,
        "month": 4,
        "day": 14,
        "hour": 15,
        "minute": 36,
        "second": 11,
        "microsecond": 0
      }
    }
  },
  "1065": {
    "title": "No Mercy",
    "url": "https://www.royalroad.com/fiction/36049/the-primal-hunter/chapter/2204356/chapter-1065-no-mercy",
    "chapter": 1065,
    "published_iso": "2025-04-15T15:36:01+00:00",
    "published": {
      "iso": "2025-04-15T15:36:01+00:00",
      "timestamp": 1744731361.0,
      "utc": {
        "year": 2025,
        "month": 4,
        "day": 15,
        "hour": 15,
        "minute": 36,
        "second": 1,
        "microsecond": 0
      }
    }
  },
  "1066": {
    "title": "An Unfortunate Child",
    "url": "https://www.royalroad.com/fiction/36049/the-primal-hunter/chapter/2207023/chapter-1066-an-unfortunate-child",
    "chapter": 1066,
    "published_iso": "2025-04-16T15:36:04+00:00",
    "published": {
      "iso": "2025-04-16T15:36:04+00:00",
      "timestamp": 1744817764.0,
      "utc": {
        "year": 2025,
        "month": 4,
        "day": 16,
        "hour": 15,
        "minute": 36,
        "second": 4,
        "microsecond": 0
      }
    }
  },
  "1067": {
    "title": "Finally All Over",
    "url": "https://www.royalroad.com/fiction/36049/the-primal-hunter/chapter/2209646/chapter-1067-finally-all-over",
    "chapter": 1067,
    "published_iso": "2025-04-17T15:36:01+00:00",
    "published": {
      "iso": "2025-04-17T15:36:01+00:00",
      "timestamp": 1744904161.0,
      "utc": {
        "year": 2025,
        "month": 4,
        "day": 17,
        "hour": 15,
        "minute": 36,
        "second": 1,
        "microsecond": 0
      }
    }
  },
  "1068": {
    "title": "Only A Few Loose Ends Left",
    "url": "https://www.royalroad.com/fiction/36049/the-primal-hunter/chapter/2212336/chapter-1068-only-a-few-loose-ends-left",
    "chapter": 1068,
    "published_iso": "2025-04-18T15:36:12+00:00",
    "published": {
      "iso": "2025-04-18T15:36:12+00:00",
      "timestamp": 1744990572.0,
      "utc": {
        "year": 2025,
        "month": 4,
        "day": 18,
        "hour": 15,
        "minute": 36,
        "second": 12,
        "microsecond": 0
      }
    }
  },
  "1069": {
    "title": "Ambitious Plans",
    "url": "https://www.royalroad.com/fiction/36049/the-primal-hunter/chapter/2219626/chapter-1069-ambitious-plans",
    "chapter": 1069,
    "published_iso": "2025-04-21T15:36:02+00:00",
    "published": {
      "iso": "2025-04-21T15:36:02+00:00",
      "timestamp": 1745249762.0,
      "utc": {
        "year": 2025,
        "month": 4,
        "day": 21,
        "hour": 15,
        "minute": 36,
        "second": 2,
        "microsecond": 0
      }
    }
  },
  "1070": {
    "title": "Across the 93rd Universe",
    "url": "https://www.royalroad.com/fiction/36049/the-primal-hunter/chapter/2222351/chapter-1070-across-the-93rd-universe",
    "chapter": 1070,
    "published_iso": "2025-04-22T15:36:04+00:00",
    "published": {
      "iso": "2025-04-22T15:36:04+00:00",
      "timestamp": 1745336164.0,
      "utc": {
        "year": 2025,
        "month": 4,
        "day": 22,
        "hour": 15,
        "minute": 36,
        "second": 4,
        "microsecond": 0
      }
    }
  },
  "1071": {
    "title": "Stark Differences",
    "url": "https://www.royalroad.com/fiction/36049/the-primal-hunter/chapter/2225004/chapter-1071-stark-differences",
    "chapter": 1071,
    "published_iso": "2025-04-23T15:36:04+00:00",
    "published": {
      "iso": "2025-04-23T15:36:04+00:00",
      "timestamp": 1745422564.0,
      "utc": {
        "year": 2025,
        "month": 4,
        "day": 23,
        "hour": 15,
        "minute": 36,
        "second": 4,
        "microsecond": 0
      }
    }
  },
  "1072": {
    "title": "Approaching Its End",
    "url": "https://www.royalroad.com/fiction/36049/the-primal-hunter/chapter/2227587/chapter-1072-approaching-its-end",
    "chapter": 1072,
    "published_iso": "2025-04-24T15:36:05+00:00",
    "published": {
      "iso": "2025-04-24T15:36:05+00:00",
      "timestamp": 1745508965.0,
      "utc": {
        "year": 2025,
        "month": 4,
        "day": 24,
        "hour": 15,
        "minute": 36,
        "second": 5,
        "microsecond": 0
      }
    }
  },
  "1073": {
    "title": "A Careful Balance",
    "url": "https://www.royalroad.com/fiction/36049/the-primal-hunter/chapter/2230372/chapter-1073-a-careful-balance",
    "chapter": 1073,
    "published_iso": "2025-04-25T15:36:05+00:00",
    "published": {
      "iso": "2025-04-25T15:36:05+00:00",
      "timestamp": 1745595365.0,
      "utc": {
        "year": 2025,
        "month": 4,
        "day": 25,
        "hour": 15,
        "minute": 36,
        "second": 5,
        "microsecond": 0
      }
    }
  },
  "1074": {
    "title": "A Very Dangerous Question",
    "url": "https://www.royalroad.com/fiction/36049/the-primal-hunter/chapter/2238138/chapter-1074-a-very-dangerous-question",
    "chapter": 1074,
    "published_iso": "2025-04-28T15:36:01+00:00",
    "published": {
      "iso": "2025-04-28T15:36:01+00:00",
      "timestamp": 1745854561.0,
      "utc": {
        "year": 2025,
        "month": 4,
        "day": 28,
        "hour": 15,
        "minute": 36,
        "second": 1,
        "microsecond": 0
      }
    }
  },
  "1075": {
    "title": "Truly Relaxed",
    "url": "https://www.royalroad.com/fiction/36049/the-primal-hunter/chapter/2241069/chapter-1075-truly-relaxed",
    "chapter": 1075,
    "published_iso": "2025-04-29T15:36:11+00:00",
    "published": {
      "iso": "2025-04-29T15:36:11+00:00",
      "timestamp": 1745940971.0,
      "utc": {
        "year": 2025,
        "month": 4,
        "day": 29,
        "hour": 15,
        "minute": 36,
        "second": 11,
        "microsecond": 0
      }
    }
  },
  "1076": {
    "title": "Happiness",
    "url": "https://www.royalroad.com/fiction/36049/the-primal-hunter/chapter/2243878/chapter-1076-happiness",
    "chapter": 1076,
    "published_iso": "2025-04-30T15:36:00+00:00",
    "published": {
      "iso": "2025-04-30T15:36:00+00:00",
      "timestamp": 1746027360.0,
      "utc": {
        "year": 2025,
        "month": 4,
        "day": 30,
        "hour": 15,
        "minute": 36,
        "second": 0,
        "microsecond": 0
      }
    }
  },
  "1077": {
    "title": "A Wonderful Place",
    "url": "https://www.royalroad.com/fiction/36049/the-primal-hunter/chapter/2246536/chapter-1077-a-wonderful-place",
    "chapter": 1077,
    "published_iso": "2025-05-01T15:36:06+00:00",
    "published": {
      "iso": "2025-05-01T15:36:06+00:00",
      "timestamp": 1746113766.0,
      "utc": {
        "year": 2025,
        "month": 5,
        "day": 1,
        "hour": 15,
        "minute": 36,
        "second": 6,
        "microsecond": 0
      }
    }
  },
  "1078": {
    "title": "Time To Open Up",
    "url": "https://www.royalroad.com/fiction/36049/the-primal-hunter/chapter/2249361/chapter-1078-time-to-open-up",
    "chapter": 1078,
    "published_iso": "2025-05-02T15:36:07+00:00",
    "published": {
      "iso": "2025-05-02T15:36:07+00:00",
      "timestamp": 1746200167.0,
      "utc": {
        "year": 2025,
        "month": 5,
        "day": 2,
        "hour": 15,
        "minute": 36,
        "second": 7,
        "microsecond": 0
      }
    }
  },
  "1079": {
    "title": "One Last Meeting",
    "url": "https://www.royalroad.com/fiction/36049/the-primal-hunter/chapter/2257127/chapter-1079-one-last-meeting",
    "chapter": 1079,
    "published_iso": "2025-05-05T15:36:00+00:00",
    "published": {
      "iso": "2025-05-05T15:36:00+00:00",
      "timestamp": 1746459360.0,
      "utc": {
        "year": 2025,
        "month": 5,
        "day": 5,
        "hour": 15,
        "minute": 36,
        "second": 0,
        "microsecond": 0
      }
    }
  },
  "1080": {
    "title": "Out Of This Universe",
    "url": "https://www.royalroad.com/fiction/36049/the-primal-hunter/chapter/2260102/chapter-1080-out-of-this-universe",
    "chapter": 1080,
    "published_iso": "2025-05-06T15:36:05+00:00",
    "published": {
      "iso": "2025-05-06T15:36:05+00:00",
      "timestamp": 1746545765.0,
      "utc": {
        "year": 2025,
        "month": 5,
        "day": 6,
        "hour": 15,
        "minute": 36,
        "second": 5,
        "microsecond": 0
      }
    }
  },
  "1081": {
    "title": "Importance of Status",
    "url": "https://www.royalroad.com/fiction/36049/the-primal-hunter/chapter/2262511/chapter-1081-importance-of-status",
    "chapter": 1081,
    "published_iso": "2025-05-07T15:36:01+00:00",
    "published": {
      "iso": "2025-05-07T15:36:01+00:00",
      "timestamp": 1746632161.0,
      "utc": {
        "year": 2025,
        "month": 5,
        "day": 7,
        "hour": 15,
        "minute": 36,
        "second": 1,
        "microsecond": 0
      }
    }
  },
  "1082": {
    "title": "Impeccable Comedic Timing",
    "url": "https://www.royalroad.com/fiction/36049/the-primal-hunter/chapter/2264777/chapter-1082-impeccable-comedic-timing",
    "chapter": 1082,
    "published_iso": "2025-05-08T15:36:00+00:00",
    "published": {
      "iso": "2025-05-08T15:36:00+00:00",
      "timestamp": 1746718560.0,
      "utc": {
        "year": 2025,
        "month": 5,
        "day": 8,
        "hour": 15,
        "minute": 36,
        "second": 0,
        "microsecond": 0
      }
    }
  },
  "1083": {
    "title": "Private Discussions Of Vastly Different Natures",
    "url": "https://www.royalroad.com/fiction/36049/the-primal-hunter/chapter/2267047/chapter-1083-private-discussions-of-vastly-different",
    "chapter": 1083,
    "published_iso": "2025-05-09T15:36:07+00:00",
    "published": {
      "iso": "2025-05-09T15:36:07+00:00",
      "timestamp": 1746804967.0,
      "utc": {
        "year": 2025,
        "month": 5,
        "day": 9,
        "hour": 15,
        "minute": 36,
        "second": 7,
        "microsecond": 0
      }
    }
  },
  "1084": {
    "title": "The Sword Saint's Vampire Adventure",
    "url": "https://www.royalroad.com/fiction/36049/the-primal-hunter/chapter/2273966/chapter-1084-the-sword-saints-vampire-adventure",
    "chapter": 1084,
    "published_iso": "2025-05-12T15:36:01+00:00",
    "published": {
      "iso": "2025-05-12T15:36:01+00:00",
      "timestamp": 1747064161.0,
      "utc": {
        "year": 2025,
        "month": 5,
        "day": 12,
        "hour": 15,
        "minute": 36,
        "second": 1,
        "microsecond": 0
      }
    }
  },
  "1085": {
    "title": "A Quality Week",
    "url": "https://www.royalroad.com/fiction/36049/the-primal-hunter/chapter/2276610/chapter-1085-a-quality-week",
    "chapter": 1085,
    "published_iso": "2025-05-13T15:36:00+00:00",
    "published": {
      "iso": "2025-05-13T15:36:00+00:00",
      "timestamp": 1747150560.0,
      "utc": {
        "year": 2025,
        "month": 5,
        "day": 13,
        "hour": 15,
        "minute": 36,
        "second": 0,
        "microsecond": 0
      }
    }
  },
  "1086": {
    "title": "Old Man Vibes",
    "url": "https://www.royalroad.com/fiction/36049/the-primal-hunter/chapter/2279039/chapter-1086-old-man-vibes",
    "chapter": 1086,
    "published_iso": "2025-05-14T15:36:03+00:00",
    "published": {
      "iso": "2025-05-14T15:36:03+00:00",
      "timestamp": 1747236963.0,
      "utc": {
        "year": 2025,
        "month": 5,
        "day": 14,
        "hour": 15,
        "minute": 36,
        "second": 3,
        "microsecond": 0
      }
    }
  },
  "1087": {
    "title": "\"...Do we really need to bring that guy?\u201d",
    "url": "https://www.royalroad.com/fiction/36049/the-primal-hunter/chapter/2281376/chapter-1087-do-we-really-need-to-bring-that-guy",
    "chapter": 1087,
    "published_iso": "2025-05-15T15:36:08+00:00",
    "published": {
      "iso": "2025-05-15T15:36:08+00:00",
      "timestamp": 1747323368.0,
      "utc": {
        "year": 2025,
        "month": 5,
        "day": 15,
        "hour": 15,
        "minute": 36,
        "second": 8,
        "microsecond": 0
      }
    }
  },
  "1088": {
    "title": "A Voyage Through The Stars",
    "url": "https://www.royalroad.com/fiction/36049/the-primal-hunter/chapter/2283781/chapter-1088-a-voyage-through-the-stars",
    "chapter": 1088,
    "published_iso": "2025-05-16T15:36:08+00:00",
    "published": {
      "iso": "2025-05-16T15:36:08+00:00",
      "timestamp": 1747409768.0,
      "utc": {
        "year": 2025,
        "month": 5,
        "day": 16,
        "hour": 15,
        "minute": 36,
        "second": 8,
        "microsecond": 0
      }
    }
  },
  "1089": {
    "title": "The Pantheon Of Life",
    "url": "https://www.royalroad.com/fiction/36049/the-primal-hunter/chapter/2290745/chapter-1089-the-pantheon-of-life",
    "chapter": 1089,
    "published_iso": "2025-05-19T15:36:13+00:00",
    "published": {
      "iso": "2025-05-19T15:36:13+00:00",
      "timestamp": 1747668973.0,
      "utc": {
        "year": 2025,
        "month": 5,
        "day": 19,
        "hour": 15,
        "minute": 36,
        "second": 13,
        "microsecond": 0
      }
    }
  },
  "1090": {
    "title": "Destination Reached",
    "url": "https://www.royalroad.com/fiction/36049/the-primal-hunter/chapter/2293143/chapter-1090-destination-reached",
    "chapter": 1090,
    "published_iso": "2025-05-20T15:36:05+00:00",
    "published": {
      "iso": "2025-05-20T15:36:05+00:00",
      "timestamp": 1747755365.0,
      "utc": {
        "year": 2025,
        "month": 5,
        "day": 20,
        "hour": 15,
        "minute": 36,
        "second": 5,
        "microsecond": 0
      }
    }
  },
  "1091": {
    "title": "Delegation's Arrival",
    "url": "https://www.royalroad.com/fiction/36049/the-primal-hunter/chapter/2295353/chapter-1091-delegations-arrival",
    "chapter": 1091,
    "published_iso": "2025-05-21T15:36:03+00:00",
    "published": {
      "iso": "2025-05-21T15:36:03+00:00",
      "timestamp": 1747841763.0,
      "utc": {
        "year": 2025,
        "month": 5,
        "day": 21,
        "hour": 15,
        "minute": 36,
        "second": 3,
        "microsecond": 0
      }
    }
  },
  "1092": {
    "title": "Leaves",
    "url": "https://www.royalroad.com/fiction/36049/the-primal-hunter/chapter/2297761/chapter-1092-leaves",
    "chapter": 1092,
    "published_iso": "2025-05-22T15:36:04+00:00",
    "published": {
      "iso": "2025-05-22T15:36:04+00:00",
      "timestamp": 1747928164.0,
      "utc": {
        "year": 2025,
        "month": 5,
        "day": 22,
        "hour": 15,
        "minute": 36,
        "second": 4,
        "microsecond": 0
      }
    }
  },
  "1093": {
    "title": "Divine Gift Exchange",
    "url": "https://www.royalroad.com/fiction/36049/the-primal-hunter/chapter/2300329/chapter-1093-divine-gift-exchange",
    "chapter": 1093,
    "published_iso": "2025-05-23T15:36:01+00:00",
    "published": {
      "iso": "2025-05-23T15:36:01+00:00",
      "timestamp": 1748014561.0,
      "utc": {
        "year": 2025,
        "month": 5,
        "day": 23,
        "hour": 15,
        "minute": 36,
        "second": 1,
        "microsecond": 0
      }
    }
  },
  "1094": {
    "title": "Nervousness",
    "url": "https://www.royalroad.com/fiction/36049/the-primal-hunter/chapter/2307158/chapter-1094-nervousness",
    "chapter": 1094,
    "published_iso": "2025-05-26T15:36:02+00:00",
    "published": {
      "iso": "2025-05-26T15:36:02+00:00",
      "timestamp": 1748273762.0,
      "utc": {
        "year": 2025,
        "month": 5,
        "day": 26,
        "hour": 15,
        "minute": 36,
        "second": 2,
        "microsecond": 0
      }
    }
  },
  "1095": {
    "title": "Beauty & Brain",
    "url": "https://www.royalroad.com/fiction/36049/the-primal-hunter/chapter/2309548/chapter-1095-beauty-brain",
    "chapter": 1095,
    "published_iso": "2025-05-27T15:36:07+00:00",
    "published": {
      "iso": "2025-05-27T15:36:07+00:00",
      "timestamp": 1748360167.0,
      "utc": {
        "year": 2025,
        "month": 5,
        "day": 27,
        "hour": 15,
        "minute": 36,
        "second": 7,
        "microsecond": 0
      }
    }
  },
  "1096": {
    "title": "\"To be a gag gift, or not a gag gift, that is the question.\" - A worried Jake",
    "url": "https://www.royalroad.com/fiction/36049/the-primal-hunter/chapter/2311928/chapter-1096-to-be-a-gag-gift-or-not-a-gag-gift",
    "chapter": 1096,
    "published_iso": "2025-05-28T15:36:04+00:00",
    "published": {
      "iso": "2025-05-28T15:36:04+00:00",
      "timestamp": 1748446564.0,
      "utc": {
        "year": 2025,
        "month": 5,
        "day": 28,
        "hour": 15,
        "minute": 36,
        "second": 4,
        "microsecond": 0
      }
    }
  },
  "1097": {
    "title": "Swords, Vines, & Birds",
    "url": "https://www.royalroad.com/fiction/36049/the-primal-hunter/chapter/2314581/chapter-1097-swords-vines-birds",
    "chapter": 1097,
    "published_iso": "2025-05-29T15:36:02+00:00",
    "published": {
      "iso": "2025-05-29T15:36:02+00:00",
      "timestamp": 1748532962.0,
      "utc": {
        "year": 2025,
        "month": 5,
        "day": 29,
        "hour": 15,
        "minute": 36,
        "second": 2,
        "microsecond": 0
      }
    }
  },
  "1098": {
    "title": "Peak Fantasy",
    "url": "https://www.royalroad.com/fiction/36049/the-primal-hunter/chapter/2317134/chapter-1098-peak-fantasy",
    "chapter": 1098,
    "published_iso": "2025-05-30T15:36:08+00:00",
    "published": {
      "iso": "2025-05-30T15:36:08+00:00",
      "timestamp": 1748619368.0,
      "utc": {
        "year": 2025,
        "month": 5,
        "day": 30,
        "hour": 15,
        "minute": 36,
        "second": 8,
        "microsecond": 0
      }
    }
  },
  "1099": {
    "title": "Split Up Once More",
    "url": "https://www.royalroad.com/fiction/36049/the-primal-hunter/chapter/2324655/chapter-1099-split-up-once-more",
    "chapter": 1099,
    "published_iso": "2025-06-02T15:36:04+00:00",
    "published": {
      "iso": "2025-06-02T15:36:04+00:00",
      "timestamp": 1748878564.0,
      "utc": {
        "year": 2025,
        "month": 6,
        "day": 2,
        "hour": 15,
        "minute": 36,
        "second": 4,
        "microsecond": 0
      }
    }
  },
  "1100": {
    "title": "First Archery Lesson",
    "url": "https://www.royalroad.com/fiction/36049/the-primal-hunter/chapter/2327525/chapter-1100-first-archery-lesson",
    "chapter": 1100,
    "published_iso": "2025-06-03T15:36:05+00:00",
    "published": {
      "iso": "2025-06-03T15:36:05+00:00",
      "timestamp": 1748964965.0,
      "utc": {
        "year": 2025,
        "month": 6,
        "day": 3,
        "hour": 15,
        "minute": 36,
        "second": 5,
        "microsecond": 0
      }
    }
  },
  "1101": {
    "title": "Conceptualizing Concepts",
    "url": "https://www.royalroad.com/fiction/36049/the-primal-hunter/chapter/2330091/chapter-1101-conceptualizing-concepts",
    "chapter": 1101,
    "published_iso": "2025-06-04T15:36:10+00:00",
    "published": {
      "iso": "2025-06-04T15:36:10+00:00",
      "timestamp": 1749051370.0,
      "utc": {
        "year": 2025,
        "month": 6,
        "day": 4,
        "hour": 15,
        "minute": 36,
        "second": 10,
        "microsecond": 0
      }
    }
  },
  "1102": {
    "title": "Perception Best Stat",
    "url": "https://www.royalroad.com/fiction/36049/the-primal-hunter/chapter/2332763/chapter-1102-perception-best-stat",
    "chapter": 1102,
    "published_iso": "2025-06-05T15:36:10+00:00",
    "published": {
      "iso": "2025-06-05T15:36:10+00:00",
      "timestamp": 1749137770.0,
      "utc": {
        "year": 2025,
        "month": 6,
        "day": 5,
        "hour": 15,
        "minute": 36,
        "second": 10,
        "microsecond": 0
      }
    }
  },
  "1103": {
    "title": "An Intrinsic Relationship",
    "url": "https://www.royalroad.com/fiction/36049/the-primal-hunter/chapter/2335373/chapter-1103-an-intrinsic-relationship",
    "chapter": 1103,
    "published_iso": "2025-06-06T15:36:05+00:00",
    "published": {
      "iso": "2025-06-06T15:36:05+00:00",
      "timestamp": 1749224165.0,
      "utc": {
        "year": 2025,
        "month": 6,
        "day": 6,
        "hour": 15,
        "minute": 36,
        "second": 5,
        "microsecond": 0
      }
    }
  },
  "1104": {
    "title": "Introduction To The Hunting Grounds",
    "url": "https://www.royalroad.com/fiction/36049/the-primal-hunter/chapter/2342698/chapter-1104-introduction-to-the-hunting-grounds",
    "chapter": 1104,
    "published_iso": "2025-06-09T15:36:07+00:00",
    "published": {
      "iso": "2025-06-09T15:36:07+00:00",
      "timestamp": 1749483367.0,
      "utc": {
        "year": 2025,
        "month": 6,
        "day": 9,
        "hour": 15,
        "minute": 36,
        "second": 7,
        "microsecond": 0
      }
    }
  },
  "1105": {
    "title": "Enemies On All Sides",
    "url": "https://www.royalroad.com/fiction/36049/the-primal-hunter/chapter/2345579/chapter-1105-enemies-on-all-sides",
    "chapter": 1105,
    "published_iso": "2025-06-10T15:36:08+00:00",
    "published": {
      "iso": "2025-06-10T15:36:08+00:00",
      "timestamp": 1749569768.0,
      "utc": {
        "year": 2025,
        "month": 6,
        "day": 10,
        "hour": 15,
        "minute": 36,
        "second": 8,
        "microsecond": 0
      }
    }
  },
  "1106": {
    "title": "Angry Birds",
    "url": "https://www.royalroad.com/fiction/36049/the-primal-hunter/chapter/2348415/chapter-1106-angry-birds",
    "chapter": 1106,
    "published_iso": "2025-06-11T15:36:03+00:00",
    "published": {
      "iso": "2025-06-11T15:36:03+00:00",
      "timestamp": 1749656163.0,
      "utc": {
        "year": 2025,
        "month": 6,
        "day": 11,
        "hour": 15,
        "minute": 36,
        "second": 3,
        "microsecond": 0
      }
    }
  },
  "1107": {
    "title": "An Odd Little Encounter",
    "url": "https://www.royalroad.com/fiction/36049/the-primal-hunter/chapter/2350977/chapter-1107-an-odd-little-encounter",
    "chapter": 1107,
    "published_iso": "2025-06-12T15:36:09+00:00",
    "published": {
      "iso": "2025-06-12T15:36:09+00:00",
      "timestamp": 1749742569.0,
      "utc": {
        "year": 2025,
        "month": 6,
        "day": 12,
        "hour": 15,
        "minute": 36,
        "second": 9,
        "microsecond": 0
      }
    }
  },
  "1108": {
    "title": "SOS",
    "url": "https://www.royalroad.com/fiction/36049/the-primal-hunter/chapter/2353695/chapter-1108-sos",
    "chapter": 1108,
    "published_iso": "2025-06-13T15:36:00+00:00",
    "published": {
      "iso": "2025-06-13T15:36:00+00:00",
      "timestamp": 1749828960.0,
      "utc": {
        "year": 2025,
        "month": 6,
        "day": 13,
        "hour": 15,
        "minute": 36,
        "second": 0,
        "microsecond": 0
      }
    }
  },
  "1109": {
    "title": "Misjudgements",
    "url": "https://www.royalroad.com/fiction/36049/the-primal-hunter/chapter/2361080/chapter-1109-misjudgements",
    "chapter": 1109,
    "published_iso": "2025-06-16T15:36:01+00:00",
    "published": {
      "iso": "2025-06-16T15:36:01+00:00",
      "timestamp": 1750088161.0,
      "utc": {
        "year": 2025,
        "month": 6,
        "day": 16,
        "hour": 15,
        "minute": 36,
        "second": 1,
        "microsecond": 0
      }
    }
  },
  "1110": {
    "title": "Simivita Chieftain",
    "url": "https://www.royalroad.com/fiction/36049/the-primal-hunter/chapter/2363867/chapter-1110-simivita-chieftain",
    "chapter": 1110,
    "published_iso": "2025-06-17T15:36:01+00:00",
    "published": {
      "iso": "2025-06-17T15:36:01+00:00",
      "timestamp": 1750174561.0,
      "utc": {
        "year": 2025,
        "month": 6,
        "day": 17,
        "hour": 15,
        "minute": 36,
        "second": 1,
        "microsecond": 0
      }
    }
  },
  "1111": {
    "title": "Classification Change",
    "url": "https://www.royalroad.com/fiction/36049/the-primal-hunter/chapter/2366381/chapter-1111-classification-change",
    "chapter": 1111,
    "published_iso": "2025-06-18T15:36:00+00:00",
    "published": {
      "iso": "2025-06-18T15:36:00+00:00",
      "timestamp": 1750260960.0,
      "utc": {
        "year": 2025,
        "month": 6,
        "day": 18,
        "hour": 15,
        "minute": 36,
        "second": 0,
        "microsecond": 0
      }
    }
  },
  "1112": {
    "title": "Simivita Island: Outer Region",
    "url": "https://www.royalroad.com/fiction/36049/the-primal-hunter/chapter/2368992/chapter-1112-simivita-island-outer-region",
    "chapter": 1112,
    "published_iso": "2025-06-19T15:36:08+00:00",
    "published": {
      "iso": "2025-06-19T15:36:08+00:00",
      "timestamp": 1750347368.0,
      "utc": {
        "year": 2025,
        "month": 6,
        "day": 19,
        "hour": 15,
        "minute": 36,
        "second": 8,
        "microsecond": 0
      }
    }
  },
  "1113": {
    "title": "The Beginning Of A New Multiversal Era",
    "url": "https://www.royalroad.com/fiction/36049/the-primal-hunter/chapter/2371732/chapter-1113-the-beginning-of-a-new-multiversal",
    "chapter": 1113,
    "published_iso": "2025-06-20T15:36:03+00:00",
    "published": {
      "iso": "2025-06-20T15:36:03+00:00",
      "timestamp": 1750433763.0,
      "utc": {
        "year": 2025,
        "month": 6,
        "day": 20,
        "hour": 15,
        "minute": 36,
        "second": 3,
        "microsecond": 0
      }
    }
  },
  "1114": {
    "title": "Creeping Death",
    "url": "https://www.royalroad.com/fiction/36049/the-primal-hunter/chapter/2379317/chapter-1114-creeping-death",
    "chapter": 1114,
    "published_iso": "2025-06-23T15:36:08+00:00",
    "published": {
      "iso": "2025-06-23T15:36:08+00:00",
      "timestamp": 1750692968.0,
      "utc": {
        "year": 2025,
        "month": 6,
        "day": 23,
        "hour": 15,
        "minute": 36,
        "second": 8,
        "microsecond": 0
      }
    }
  },
  "1115": {
    "title": "Simivita Warlord",
    "url": "https://www.royalroad.com/fiction/36049/the-primal-hunter/chapter/2382015/chapter-1115-simivita-warlord",
    "chapter": 1115,
    "published_iso": "2025-06-24T15:36:05+00:00",
    "published": {
      "iso": "2025-06-24T15:36:05+00:00",
      "timestamp": 1750779365.0,
      "utc": {
        "year": 2025,
        "month": 6,
        "day": 24,
        "hour": 15,
        "minute": 36,
        "second": 5,
        "microsecond": 0
      }
    }
  },
  "1116": {
    "title": "Expectations vs. Reality",
    "url": "https://www.royalroad.com/fiction/36049/the-primal-hunter/chapter/2384452/chapter-1116-expectations-vs-reality",
    "chapter": 1116,
    "published_iso": "2025-06-25T15:36:02+00:00",
    "published": {
      "iso": "2025-06-25T15:36:02+00:00",
      "timestamp": 1750865762.0,
      "utc": {
        "year": 2025,
        "month": 6,
        "day": 25,
        "hour": 15,
        "minute": 36,
        "second": 2,
        "microsecond": 0
      }
    }
  },
  "1117": {
    "title": "A Storm of Feathers",
    "url": "https://www.royalroad.com/fiction/36049/the-primal-hunter/chapter/2387187/chapter-1117-a-storm-of-feathers",
    "chapter": 1117,
    "published_iso": "2025-06-26T15:36:01+00:00",
    "published": {
      "iso": "2025-06-26T15:36:01+00:00",
      "timestamp": 1750952161.0,
      "utc": {
        "year": 2025,
        "month": 6,
        "day": 26,
        "hour": 15,
        "minute": 36,
        "second": 1,
        "microsecond": 0
      }
    }
  },
  "1118": {
    "title": "Limiting Possibilities",
    "url": "https://www.royalroad.com/fiction/36049/the-primal-hunter/chapter/2389818/chapter-1118-limiting-possibilities",
    "chapter": 1118,
    "published_iso": "2025-06-27T15:36:08+00:00",
    "published": {
      "iso": "2025-06-27T15:36:08+00:00",
      "timestamp": 1751038568.0,
      "utc": {
        "year": 2025,
        "month": 6,
        "day": 27,
        "hour": 15,
        "minute": 36,
        "second": 8,
        "microsecond": 0
      }
    }
  },
  "1119": {
    "title": "\"Great... just great.\"",
    "url": "https://www.royalroad.com/fiction/36049/the-primal-hunter/chapter/2397479/chapter-1119-great-just-great",
    "chapter": 1119,
    "published_iso": "2025-06-30T15:36:08+00:00",
    "published": {
      "iso": "2025-06-30T15:36:08+00:00",
      "timestamp": 1751297768.0,
      "utc": {
        "year": 2025,
        "month": 6,
        "day": 30,
        "hour": 15,
        "minute": 36,
        "second": 8,
        "microsecond": 0
      }
    }
  },
  "1120": {
    "title": "Retreat",
    "url": "https://www.royalroad.com/fiction/36049/the-primal-hunter/chapter/2400689/chapter-1120-retreat",
    "chapter": 1120,
    "published_iso": "2025-07-01T15:36:10+00:00",
    "published": {
      "iso": "2025-07-01T15:36:10+00:00",
      "timestamp": 1751384170.0,
      "utc": {
        "year": 2025,
        "month": 7,
        "day": 1,
        "hour": 15,
        "minute": 36,
        "second": 10,
        "microsecond": 0
      }
    }
  },
  "1121": {
    "title": "Archery Upgrade Successfully Failed",
    "url": "https://www.royalroad.com/fiction/36049/the-primal-hunter/chapter/2403404/chapter-1121-archery-upgrade-successfully-failed",
    "chapter": 1121,
    "published_iso": "2025-07-02T15:36:01+00:00",
    "published": {
      "iso": "2025-07-02T15:36:01+00:00",
      "timestamp": 1751470561.0,
      "utc": {
        "year": 2025,
        "month": 7,
        "day": 2,
        "hour": 15,
        "minute": 36,
        "second": 1,
        "microsecond": 0
      }
    }
  },
  "1122": {
    "title": "Ree-Covered",
    "url": "https://www.royalroad.com/fiction/36049/the-primal-hunter/chapter/2406075/chapter-1122-ree-covered",
    "chapter": 1122,
    "published_iso": "2025-07-03T15:36:07+00:00",
    "published": {
      "iso": "2025-07-03T15:36:07+00:00",
      "timestamp": 1751556967.0,
      "utc": {
        "year": 2025,
        "month": 7,
        "day": 3,
        "hour": 15,
        "minute": 36,
        "second": 7,
        "microsecond": 0
      }
    }
  },
  "1123": {
    "title": "His Lordship, The Draconic Crocolisk",
    "url": "https://www.royalroad.com/fiction/36049/the-primal-hunter/chapter/2416277/chapter-1123-his-lordship-the-draconic-crocolisk",
    "chapter": 1123,
    "published_iso": "2025-07-07T15:36:01+00:00",
    "published": {
      "iso": "2025-07-07T15:36:01+00:00",
      "timestamp": 1751902561.0,
      "utc": {
        "year": 2025,
        "month": 7,
        "day": 7,
        "hour": 15,
        "minute": 36,
        "second": 1,
        "microsecond": 0
      }
    }
  },
  "1124": {
    "title": "Craters",
    "url": "https://www.royalroad.com/fiction/36049/the-primal-hunter/chapter/2418928/chapter-1124-craters",
    "chapter": 1124,
    "published_iso": "2025-07-08T15:36:05+00:00",
    "published": {
      "iso": "2025-07-08T15:36:05+00:00",
      "timestamp": 1751988965.0,
      "utc": {
        "year": 2025,
        "month": 7,
        "day": 8,
        "hour": 15,
        "minute": 36,
        "second": 5,
        "microsecond": 0
      }
    }
  },
  "1125": {
    "title": "Emeraldclaw Prideleader",
    "url": "https://www.royalroad.com/fiction/36049/the-primal-hunter/chapter/2421639/chapter-1125-emeraldclaw-prideleader",
    "chapter": 1125,
    "published_iso": "2025-07-09T15:36:10+00:00",
    "published": {
      "iso": "2025-07-09T15:36:10+00:00",
      "timestamp": 1752075370.0,
      "utc": {
        "year": 2025,
        "month": 7,
        "day": 9,
        "hour": 15,
        "minute": 36,
        "second": 10,
        "microsecond": 0
      }
    }
  },
  "1126": {
    "title": "Defensive Measures Of Tree Monsters & How To Counter Them",
    "url": "https://www.royalroad.com/fiction/36049/the-primal-hunter/chapter/2424404/chapter-1126-defensive-measures-of-tree-monsters",
    "chapter": 1126,
    "published_iso": "2025-07-10T15:36:05+00:00",
    "published": {
      "iso": "2025-07-10T15:36:05+00:00",
      "timestamp": 1752161765.0,
      "utc": {
        "year": 2025,
        "month": 7,
        "day": 10,
        "hour": 15,
        "minute": 36,
        "second": 5,
        "microsecond": 0
      }
    }
  },
  "1127": {
    "title": "Rain & Smoke",
    "url": "https://www.royalroad.com/fiction/36049/the-primal-hunter/chapter/2426976/chapter-1127-rain-smoke",
    "chapter": 1127,
    "published_iso": "2025-07-11T15:36:06+00:00",
    "published": {
      "iso": "2025-07-11T15:36:06+00:00",
      "timestamp": 1752248166.0,
      "utc": {
        "year": 2025,
        "month": 7,
        "day": 11,
        "hour": 15,
        "minute": 36,
        "second": 6,
        "microsecond": 0
      }
    }
  },
  "1128": {
    "title": "A Diabolical Strategy",
    "url": "https://www.royalroad.com/fiction/36049/the-primal-hunter/chapter/2434653/chapter-1128-a-diabolical-strategy",
    "chapter": 1128,
    "published_iso": "2025-07-14T15:36:02+00:00",
    "published": {
      "iso": "2025-07-14T15:36:02+00:00",
      "timestamp": 1752507362.0,
      "utc": {
        "year": 2025,
        "month": 7,
        "day": 14,
        "hour": 15,
        "minute": 36,
        "second": 2,
        "microsecond": 0
      }
    }
  },
  "1129": {
    "title": "More Complicated Than First Assumed",
    "url": "https://www.royalroad.com/fiction/36049/the-primal-hunter/chapter/2437321/chapter-1129-more-complicated-than-first-assumed",
    "chapter": 1129,
    "published_iso": "2025-07-15T15:36:08+00:00",
    "published": {
      "iso": "2025-07-15T15:36:08+00:00",
      "timestamp": 1752593768.0,
      "utc": {
        "year": 2025,
        "month": 7,
        "day": 15,
        "hour": 15,
        "minute": 36,
        "second": 8,
        "microsecond": 0
      }
    }
  },
  "1130": {
    "title": "Vault",
    "url": "https://www.royalroad.com/fiction/36049/the-primal-hunter/chapter/2440040/chapter-1130-vault",
    "chapter": 1130,
    "published_iso": "2025-07-16T15:36:12+00:00",
    "published": {
      "iso": "2025-07-16T15:36:12+00:00",
      "timestamp": 1752680172.0,
      "utc": {
        "year": 2025,
        "month": 7,
        "day": 16,
        "hour": 15,
        "minute": 36,
        "second": 12,
        "microsecond": 0
      }
    }
  },
  "1131": {
    "title": "Psychological Warfare",
    "url": "https://www.royalroad.com/fiction/36049/the-primal-hunter/chapter/2442970/chapter-1131-psychological-warfare",
    "chapter": 1131,
    "published_iso": "2025-07-17T15:36:03+00:00",
    "published": {
      "iso": "2025-07-17T15:36:03+00:00",
      "timestamp": 1752766563.0,
      "utc": {
        "year": 2025,
        "month": 7,
        "day": 17,
        "hour": 15,
        "minute": 36,
        "second": 3,
        "microsecond": 0
      }
    }
  },
  "1132": {
    "title": "\"Is this really all you got?\"",
    "url": "https://www.royalroad.com/fiction/36049/the-primal-hunter/chapter/2446024/chapter-1132-is-this-really-all-you-got",
    "chapter": 1132,
    "published_iso": "2025-07-18T15:36:04+00:00",
    "published": {
      "iso": "2025-07-18T15:36:04+00:00",
      "timestamp": 1752852964.0,
      "utc": {
        "year": 2025,
        "month": 7,
        "day": 18,
        "hour": 15,
        "minute": 36,
        "second": 4,
        "microsecond": 0
      }
    }
  },
  "1133": {
    "title": "Shadow Realm",
    "url": "https://www.royalroad.com/fiction/36049/the-primal-hunter/chapter/2454337/chapter-1133-shadow-realm",
    "chapter": 1133,
    "published_iso": "2025-07-21T15:36:08+00:00",
    "published": {
      "iso": "2025-07-21T15:36:08+00:00",
      "timestamp": 1753112168.0,
      "utc": {
        "year": 2025,
        "month": 7,
        "day": 21,
        "hour": 15,
        "minute": 36,
        "second": 8,
        "microsecond": 0
      }
    }
  },
  "1134": {
    "title": "Umbral Influence",
    "url": "https://www.royalroad.com/fiction/36049/the-primal-hunter/chapter/2457069/chapter-1134-umbral-influence",
    "chapter": 1134,
    "published_iso": "2025-07-22T15:36:14+00:00",
    "published": {
      "iso": "2025-07-22T15:36:14+00:00",
      "timestamp": 1753198574.0,
      "utc": {
        "year": 2025,
        "month": 7,
        "day": 22,
        "hour": 15,
        "minute": 36,
        "second": 14,
        "microsecond": 0
      }
    }
  },
  "1135": {
    "title": "Limitations Of The Human Body",
    "url": "https://www.royalroad.com/fiction/36049/the-primal-hunter/chapter/2459737/chapter-1135-limitations-of-the-human-body",
    "chapter": 1135,
    "published_iso": "2025-07-23T15:36:07+00:00",
    "published": {
      "iso": "2025-07-23T15:36:07+00:00",
      "timestamp": 1753284967.0,
      "utc": {
        "year": 2025,
        "month": 7,
        "day": 23,
        "hour": 15,
        "minute": 36,
        "second": 7,
        "microsecond": 0
      }
    }
  },
  "1136": {
    "title": "Weakness Overcome",
    "url": "https://www.royalroad.com/fiction/36049/the-primal-hunter/chapter/2462619/chapter-1136-weakness-overcome",
    "chapter": 1136,
    "published_iso": "2025-07-24T15:36:04+00:00",
    "published": {
      "iso": "2025-07-24T15:36:04+00:00",
      "timestamp": 1753371364.0,
      "utc": {
        "year": 2025,
        "month": 7,
        "day": 24,
        "hour": 15,
        "minute": 36,
        "second": 4,
        "microsecond": 0
      }
    }
  },
  "1137": {
    "title": "Cloak & Katars",
    "url": "https://www.royalroad.com/fiction/36049/the-primal-hunter/chapter/2465448/chapter-1137-cloak-katars",
    "chapter": 1137,
    "published_iso": "2025-07-25T15:36:10+00:00",
    "published": {
      "iso": "2025-07-25T15:36:10+00:00",
      "timestamp": 1753457770.0,
      "utc": {
        "year": 2025,
        "month": 7,
        "day": 25,
        "hour": 15,
        "minute": 36,
        "second": 10,
        "microsecond": 0
      }
    }
  },
  "1138": {
    "title": "Event Horizon",
    "url": "https://www.royalroad.com/fiction/36049/the-primal-hunter/chapter/2473100/chapter-1138-event-horizon",
    "chapter": 1138,
    "published_iso": "2025-07-28T15:36:12+00:00",
    "published": {
      "iso": "2025-07-28T15:36:12+00:00",
      "timestamp": 1753716972.0,
      "utc": {
        "year": 2025,
        "month": 7,
        "day": 28,
        "hour": 15,
        "minute": 36,
        "second": 12,
        "microsecond": 0
      }
    }
  },
  "1139": {
    "title": "Friends In High Places",
    "url": "https://www.royalroad.com/fiction/36049/the-primal-hunter/chapter/2476024/chapter-1139-friends-in-high-places",
    "chapter": 1139,
    "published_iso": "2025-07-29T15:36:03+00:00",
    "published": {
      "iso": "2025-07-29T15:36:03+00:00",
      "timestamp": 1753803363.0,
      "utc": {
        "year": 2025,
        "month": 7,
        "day": 29,
        "hour": 15,
        "minute": 36,
        "second": 3,
        "microsecond": 0
      }
    }
  },
  "1140": {
    "title": "Little Fella",
    "url": "https://www.royalroad.com/fiction/36049/the-primal-hunter/chapter/2478783/chapter-1140-little-fella",
    "chapter": 1140,
    "published_iso": "2025-07-30T15:36:09+00:00",
    "published": {
      "iso": "2025-07-30T15:36:09+00:00",
      "timestamp": 1753889769.0,
      "utc": {
        "year": 2025,
        "month": 7,
        "day": 30,
        "hour": 15,
        "minute": 36,
        "second": 9,
        "microsecond": 0
      }
    }
  },
  "1141": {
    "title": "Secrets Disclosed",
    "url": "https://www.royalroad.com/fiction/36049/the-primal-hunter/chapter/2481372/chapter-1141-secrets-disclosed",
    "chapter": 1141,
    "published_iso": "2025-07-31T15:36:02+00:00",
    "published": {
      "iso": "2025-07-31T15:36:02+00:00",
      "timestamp": 1753976162.0,
      "utc": {
        "year": 2025,
        "month": 7,
        "day": 31,
        "hour": 15,
        "minute": 36,
        "second": 2,
        "microsecond": 0
      }
    }
  },
  "1142": {
    "title": "Girl Scary",
    "url": "https://www.royalroad.com/fiction/36049/the-primal-hunter/chapter/2484148/chapter-1142-girl-scary",
    "chapter": 1142,
    "published_iso": "2025-08-01T15:36:09+00:00",
    "published": {
      "iso": "2025-08-01T15:36:09+00:00",
      "timestamp": 1754062569.0,
      "utc": {
        "year": 2025,
        "month": 8,
        "day": 1,
        "hour": 15,
        "minute": 36,
        "second": 9,
        "microsecond": 0
      }
    }
  },
  "1143": {
    "title": "Mask & Bow",
    "url": "https://www.royalroad.com/fiction/36049/the-primal-hunter/chapter/2491521/chapter-1143-mask-bow",
    "chapter": 1143,
    "published_iso": "2025-08-04T15:36:07+00:00",
    "published": {
      "iso": "2025-08-04T15:36:07+00:00",
      "timestamp": 1754321767.0,
      "utc": {
        "year": 2025,
        "month": 8,
        "day": 4,
        "hour": 15,
        "minute": 36,
        "second": 7,
        "microsecond": 0
      }
    }
  },
  "1144": {
    "title": "The Future of the Multiverse",
    "url": "https://www.royalroad.com/fiction/36049/the-primal-hunter/chapter/2494214/chapter-1144-the-future-of-the-multiverse",
    "chapter": 1144,
    "published_iso": "2025-08-05T15:36:03+00:00",
    "published": {
      "iso": "2025-08-05T15:36:03+00:00",
      "timestamp": 1754408163.0,
      "utc": {
        "year": 2025,
        "month": 8,
        "day": 5,
        "hour": 15,
        "minute": 36,
        "second": 3,
        "microsecond": 0
      }
    }
  },
  "1145": {
    "title": "Two Small Sprouts",
    "url": "https://www.royalroad.com/fiction/36049/the-primal-hunter/chapter/2496970/chapter-1145-two-small-sprouts",
    "chapter": 1145,
    "published_iso": "2025-08-06T15:36:03+00:00",
    "published": {
      "iso": "2025-08-06T15:36:03+00:00",
      "timestamp": 1754494563.0,
      "utc": {
        "year": 2025,
        "month": 8,
        "day": 6,
        "hour": 15,
        "minute": 36,
        "second": 3,
        "microsecond": 0
      }
    }
  },
  "1146": {
    "title": "Expansion Plans",
    "url": "https://www.royalroad.com/fiction/36049/the-primal-hunter/chapter/2499640/chapter-1146-expansion-plans",
    "chapter": 1146,
    "published_iso": "2025-08-07T15:36:05+00:00",
    "published": {
      "iso": "2025-08-07T15:36:05+00:00",
      "timestamp": 1754580965.0,
      "utc": {
        "year": 2025,
        "month": 8,
        "day": 7,
        "hour": 15,
        "minute": 36,
        "second": 5,
        "microsecond": 0
      }
    }
  },
  "1147": {
    "title": "A Bloody Hard Time",
    "url": "https://www.royalroad.com/fiction/36049/the-primal-hunter/chapter/2502303/chapter-1147-a-bloody-hard-time",
    "chapter": 1147,
    "published_iso": "2025-08-08T15:36:03+00:00",
    "published": {
      "iso": "2025-08-08T15:36:03+00:00",
      "timestamp": 1754667363.0,
      "utc": {
        "year": 2025,
        "month": 8,
        "day": 8,
        "hour": 15,
        "minute": 36,
        "second": 3,
        "microsecond": 0
      }
    }
  },
  "1148": {
    "title": "The Power of Blood",
    "url": "https://www.royalroad.com/fiction/36049/the-primal-hunter/chapter/2509636/chapter-1148-the-power-of-blood",
    "chapter": 1148,
    "published_iso": "2025-08-11T15:36:04+00:00",
    "published": {
      "iso": "2025-08-11T15:36:04+00:00",
      "timestamp": 1754926564.0,
      "utc": {
        "year": 2025,
        "month": 8,
        "day": 11,
        "hour": 15,
        "minute": 36,
        "second": 4,
        "microsecond": 0
      }
    }
  },
  "1149": {
    "title": "A Burst of Venom",
    "url": "https://www.royalroad.com/fiction/36049/the-primal-hunter/chapter/2512400/chapter-1149-a-burst-of-venom",
    "chapter": 1149,
    "published_iso": "2025-08-12T15:36:03+00:00",
    "published": {
      "iso": "2025-08-12T15:36:03+00:00",
      "timestamp": 1755012963.0,
      "utc": {
        "year": 2025,
        "month": 8,
        "day": 12,
        "hour": 15,
        "minute": 36,
        "second": 3,
        "microsecond": 0
      }
    }
  },
  "1150": {
    "title": "Return of the King 2: Gold Edition",
    "url": "https://www.royalroad.com/fiction/36049/the-primal-hunter/chapter/2515160/chapter-1150-return-of-the-king-2-gold-edition",
    "chapter": 1150,
    "published_iso": "2025-08-13T15:36:00+00:00",
    "published": {
      "iso": "2025-08-13T15:36:00+00:00",
      "timestamp": 1755099360.0,
      "utc": {
        "year": 2025,
        "month": 8,
        "day": 13,
        "hour": 15,
        "minute": 36,
        "second": 0,
        "microsecond": 0
      }
    }
  },
  "1151": {
    "title": "A Life of Two Masks",
    "url": "https://www.royalroad.com/fiction/36049/the-primal-hunter/chapter/2517869/chapter-1151-a-life-of-two-masks",
    "chapter": 1151,
    "published_iso": "2025-08-14T15:36:09+00:00",
    "published": {
      "iso": "2025-08-14T15:36:09+00:00",
      "timestamp": 1755185769.0,
      "utc": {
        "year": 2025,
        "month": 8,
        "day": 14,
        "hour": 15,
        "minute": 36,
        "second": 9,
        "microsecond": 0
      }
    }
  },
  "1152": {
    "title": "Nevermore Party Party Invites",
    "url": "https://www.royalroad.com/fiction/36049/the-primal-hunter/chapter/2520470/chapter-1152-nevermore-party-party-invites",
    "chapter": 1152,
    "published_iso": "2025-08-15T15:36:00+00:00",
    "published": {
      "iso": "2025-08-15T15:36:00+00:00",
      "timestamp": 1755272160.0,
      "utc": {
        "year": 2025,
        "month": 8,
        "day": 15,
        "hour": 15,
        "minute": 36,
        "second": 0,
        "microsecond": 0
      }
    }
  },
  "1153": {
    "title": "A Quite Unique Party",
    "url": "https://www.royalroad.com/fiction/36049/the-primal-hunter/chapter/2528138/chapter-1153-a-quite-unique-party",
    "chapter": 1153,
    "published_iso": "2025-08-18T15:36:10+00:00",
    "published": {
      "iso": "2025-08-18T15:36:10+00:00",
      "timestamp": 1755531370.0,
      "utc": {
        "year": 2025,
        "month": 8,
        "day": 18,
        "hour": 15,
        "minute": 36,
        "second": 10,
        "microsecond": 0
      }
    }
  },
  "1154": {
    "title": "A Proper Reunion Party",
    "url": "https://www.royalroad.com/fiction/36049/the-primal-hunter/chapter/2530846/chapter-1154-a-proper-reunion-party",
    "chapter": 1154,
    "published_iso": "2025-08-19T15:36:00+00:00",
    "published": {
      "iso": "2025-08-19T15:36:00+00:00",
      "timestamp": 1755617760.0,
      "utc": {
        "year": 2025,
        "month": 8,
        "day": 19,
        "hour": 15,
        "minute": 36,
        "second": 0,
        "microsecond": 0
      }
    }
  },
  "1155": {
    "title": "New Attack & Two Matters To Address",
    "url": "https://www.royalroad.com/fiction/36049/the-primal-hunter/chapter/2533603/chapter-1155-new-attack-two-matters-to-address",
    "chapter": 1155,
    "published_iso": "2025-08-20T15:36:09+00:00",
    "published": {
      "iso": "2025-08-20T15:36:09+00:00",
      "timestamp": 1755704169.0,
      "utc": {
        "year": 2025,
        "month": 8,
        "day": 20,
        "hour": 15,
        "minute": 36,
        "second": 9,
        "microsecond": 0
      }
    }
  },
  "1156": {
    "title": "Actually Pretty Decent",
    "url": "https://www.royalroad.com/fiction/36049/the-primal-hunter/chapter/2536165/chapter-1156-actually-pretty-decent",
    "chapter": 1156,
    "published_iso": "2025-08-21T15:36:02+00:00",
    "published": {
      "iso": "2025-08-21T15:36:02+00:00",
      "timestamp": 1755790562.0,
      "utc": {
        "year": 2025,
        "month": 8,
        "day": 21,
        "hour": 15,
        "minute": 36,
        "second": 2,
        "microsecond": 0
      }
    }
  },
  "1157": {
    "title": "Innate Advantages",
    "url": "https://www.royalroad.com/fiction/36049/the-primal-hunter/chapter/2538858/chapter-1157-innate-advantages",
    "chapter": 1157,
    "published_iso": "2025-08-22T15:36:06+00:00",
    "published": {
      "iso": "2025-08-22T15:36:06+00:00",
      "timestamp": 1755876966.0,
      "utc": {
        "year": 2025,
        "month": 8,
        "day": 22,
        "hour": 15,
        "minute": 36,
        "second": 6,
        "microsecond": 0
      }
    }
  },
  "1158": {
    "title": "A Day In Holstred's Life Full of Surprises",
    "url": "https://www.royalroad.com/fiction/36049/the-primal-hunter/chapter/2602332/chapter-1158-a-day-in-holstreds-life-full-of-surprises",
    "chapter": 1158,
    "published_iso": "2025-09-15T15:36:04+00:00",
    "published": {
      "iso": "2025-09-15T15:36:04+00:00",
      "timestamp": 1757950564.0,
      "utc": {
        "year": 2025,
        "month": 9,
        "day": 15,
        "hour": 15,
        "minute": 36,
        "second": 4,
        "microsecond": 0
      }
    }
  },
  "1159": {
    "title": "Beneath the Dark Heavens",
    "url": "https://www.royalroad.com/fiction/36049/the-primal-hunter/chapter/2604969/chapter-1159-beneath-the-dark-heavens",
    "chapter": 1159,
    "published_iso": "2025-09-16T15:36:07+00:00",
    "published": {
      "iso": "2025-09-16T15:36:07+00:00",
      "timestamp": 1758036967.0,
      "utc": {
        "year": 2025,
        "month": 9,
        "day": 16,
        "hour": 15,
        "minute": 36,
        "second": 7,
        "microsecond": 0
      }
    }
  },
  "1160": {
    "title": "Perplexing Plots Across the Milky Way",
    "url": "https://www.royalroad.com/fiction/36049/the-primal-hunter/chapter/2607664/chapter-1160-perplexing-plots-across-the-milky",
    "chapter": 1160,
    "published_iso": "2025-09-17T15:36:01+00:00",
    "published": {
      "iso": "2025-09-17T15:36:01+00:00",
      "timestamp": 1758123361.0,
      "utc": {
        "year": 2025,
        "month": 9,
        "day": 17,
        "hour": 15,
        "minute": 36,
        "second": 1,
        "microsecond": 0
      }
    }
  },
  "1161": {
    "title": "Laying Much Groundwork",
    "url": "https://www.royalroad.com/fiction/36049/the-primal-hunter/chapter/2610242/chapter-1161-laying-much-groundwork",
    "chapter": 1161,
    "published_iso": "2025-09-18T15:36:03+00:00",
    "published": {
      "iso": "2025-09-18T15:36:03+00:00",
      "timestamp": 1758209763.0,
      "utc": {
        "year": 2025,
        "month": 9,
        "day": 18,
        "hour": 15,
        "minute": 36,
        "second": 3,
        "microsecond": 0
      }
    }
  },
  "1162": {
    "title": "Change",
    "url": "https://www.royalroad.com/fiction/36049/the-primal-hunter/chapter/2612920/chapter-1162-change",
    "chapter": 1162,
    "published_iso": "2025-09-19T15:36:02+00:00",
    "published": {
      "iso": "2025-09-19T15:36:02+00:00",
      "timestamp": 1758296162.0,
      "utc": {
        "year": 2025,
        "month": 9,
        "day": 19,
        "hour": 15,
        "minute": 36,
        "second": 2,
        "microsecond": 0
      }
    }
  },
  "1163": {
    "title": "Royal Decree",
    "url": "https://www.royalroad.com/fiction/36049/the-primal-hunter/chapter/2620180/chapter-1163-royal-decree",
    "chapter": 1163,
    "published_iso": "2025-09-22T15:36:00+00:00",
    "published": {
      "iso": "2025-09-22T15:36:00+00:00",
      "timestamp": 1758555360.0,
      "utc": {
        "year": 2025,
        "month": 9,
        "day": 22,
        "hour": 15,
        "minute": 36,
        "second": 0,
        "microsecond": 0
      }
    }
  },
  "1164": {
    "title": "Relationship",
    "url": "https://www.royalroad.com/fiction/36049/the-primal-hunter/chapter/2622837/chapter-1164-relationship",
    "chapter": 1164,
    "published_iso": "2025-09-23T15:36:07+00:00",
    "published": {
      "iso": "2025-09-23T15:36:07+00:00",
      "timestamp": 1758641767.0,
      "utc": {
        "year": 2025,
        "month": 9,
        "day": 23,
        "hour": 15,
        "minute": 36,
        "second": 7,
        "microsecond": 0
      }
    }
  }
}